,,,,,,,Playing Time,Playing Time,Playing Time,Performance,Performance,Performance,Performance,Performance,Performance,Per 90 Minutes,Per 90 Minutes,Per 90 Minutes,Per 90 Minutes,Per 90 Minutes,
Rk,Player,Nation,Pos,Squad,Age,Born,MP,Starts,Min,Gls,Ast,PK,PKatt,CrdY,CrdR,Gls,Ast,G+A,G-PK,G+A-PK,Matches
1,Emile Acauah\Emile-Acauah,eng ENG,FW,Maidenhead Utd,,,1,0,12,0,,0,0,0,0,0.00,,,0.00,,Matches
2,Mathew Achuba\Mathew-Achuba,eng ENG,DF,Ebbsfleet Utd,,,1,0,,0,,0,0,0,0,,,,,,Matches
3,Charlee Adams\Charlee-Adams,eng ENG,MFDF,Barnet,24,1995,16,11,998,1,,0,0,2,0,0.09,,,0.09,,Matches
4,Oluwatomisin Adeloye\Oluwatomisin-Adeloye,eng ENG,FWMF,Ebbsfleet Utd,23,1996,22,4,767,3,,0,0,5,0,0.35,,,0.35,,Matches
5,David Ajiboye\David-Ajiboye,eng ENG,MFDF,Sutton United,20,1998,37,29,2682,4,,0,0,2,0,0.13,,,0.13,,Matches
6,Simeon Akinola\Simeon-Akinola,eng ENG,FWDF,Barnet,26,1992,32,30,2562,15,,6,6,2,0,0.53,,,0.32,,Matches
7,James Akintunde\James-Akintunde,eng ENG,FWMF,Maidenhead Utd,23,1996,27,15,1275,1,,0,0,1,0,0.07,,,0.07,,Matches
8,James Alabi\James-Alabi,eng ENG,FW,Eastleigh,24,1994,7,4,381,1,,1,1,1,0,0.24,,,0.00,,Matches
9,Craig Alcock\Craig-Alcock,eng ENG,DF,Yeovil Town,31,1987,17,14,1212,0,,0,0,1,0,0.00,,,0.00,,Matches
10,Cheye Alexander\Cheye-Alexander,eng ENG,DF,Barnet,24,1995,34,34,3015,1,,0,0,3,0,0.03,,,0.03,,Matches
11,Ody Alfa\Ody-Alfa,ng NGA,FWMF,Maidenhead Utd,20,1999,8,3,352,2,,0,0,0,0,0.51,,,0.51,,Matches
12,Jamie Allen\Jamie-Allen,ms MSR,MFDF,FC Halifax Town,24,1995,32,20,2004,3,,0,0,2,0,0.13,,,0.13,,Matches
13,Louis Almond\Louis-Almond,eng ENG,FW,Chorley,27,1992,3,0,42,0,,0,0,0,0,0.00,,,0.00,,Matches
14,Myles Anderson\Myles-Anderson,eng ENG,DF,Aldershot Town,29,1990,3,3,270,0,,0,0,1,0,0.00,,,0.00,,Matches
15,Myles Anderson\Myles-Anderson,eng ENG,MF,Hartlepool Utd,29,1990,4,3,223,0,,0,0,1,0,0.00,,,0.00,,Matches
16,Jake Andrews\Jake-Andrews,eng ENG,MFFW,Torquay,21,1997,32,23,2099,5,,0,0,4,0,0.21,,,0.21,,Matches
17,Dior Angus\Dior-Angus,eng ENG,FWMF,Barrow,25,1994,36,34,2685,10,,0,0,1,0,0.34,,,0.34,,Matches
18,Joe Anyon\Joe-Anyon,eng ENG,GK,Chorley,32,1986,4,4,360,0,,0,0,0,0,0.00,,,0.00,,Matches
19,Jordan Archer\Jordan-Archer,eng ENG,MFFW,Stockport,,,3,3,186,0,,0,0,0,0,0.00,,,0.00,,Matches
20,Festus Arthur\Festus-Arthur,eng ENG,MFDF,Stockport,18,2001,31,23,2142,2,,0,0,1,0,0.08,,,0.08,,Matches
21,Taye Ashby-Hammond\Taye-Ashby-Hammond,eng ENG,GK,Maidenhead Utd,20,1999,22,22,1980,0,,0,0,1,0,0.00,,,0.00,,Matches
22,Nathan Ashmore\Nathan-Ashmore,eng ENG,GK,Boreham Wood,29,1990,23,23,2069,0,,0,0,3,1,0.00,,,0.00,,Matches
23,Nathan Ashmore\Nathan-Ashmore,eng ENG,GK,Ebbsfleet Utd,29,1990,5,5,450,0,,0,0,0,0,0.00,,,0.00,,Matches
24,Dylan Asonganyi\Dylan-Asonganyi,eng ENG,FW,Maidenhead Utd,,,1,1,87,0,,0,0,0,0,0.00,,,0.00,,Matches
25,Robert Atkinson\Robert-Atkinson,eng ENG,DFMF,Eastleigh,,,24,23,1977,1,,0,0,3,0,0.05,,,0.05,,Matches
26,Ade Azeez\Ade-Azeez,eng ENG,DFFW,Torquay,25,1994,3,3,232,1,,0,0,0,0,0.39,,,0.39,,Matches
27,Lewis Baines\Lewis-Baines,eng ENG,MFDF,Chorley,20,1998,33,28,2596,1,,0,0,2,0,0.03,,,0.03,,Matches
28,Geraldo Bajrami\Geraldo-Bajrami,al ALB,MFDF,Solihull Moors,19,1999,4,4,360,0,,0,0,0,0,0.00,,,0.00,,Matches
29,Zoumana Bakayogo\Zoumana-Bakayogo,ci CIV,DFMF,Notts County,32,1986,14,14,1171,0,,0,0,0,0,0.00,,,0.00,,Matches
30,Ángelo Balanta\Angelo-Balanta,co COL,FWMF,Dag & Red,29,1990,22,21,1828,8,,0,0,0,0,0.39,,,0.39,,Matches
31,Aiden Baldwin\Aiden-Baldwin,eng ENG,DFMF,Eastleigh,,,4,4,353,0,,0,0,1,0,0.00,,,0.00,,Matches
32,Adam Bale\Adam-Bale,eng ENG,MF,Hartlepool Utd,20,1998,1,0,1,0,,0,0,0,0,0.00,,,0.00,,Matches
33,Jimmy Ball\Jimmy-Ball,eng ENG,MFDF,Ebbsfleet Utd,23,1995,14,14,1227,1,,0,0,2,0,0.07,,,0.07,,Matches
34,Jimmy Ball\Jimmy-Ball,eng ENG,FWMF,Solihull Moors,23,1995,23,18,1656,3,,0,0,3,0,0.16,,,0.16,,Matches
35,Amrit Bansal-McNulty\Amrit-Bansal-McNulty,eng ENG,MF,Torquay,19,2000,2,2,122,0,,0,0,0,0,0.00,,,0.00,,Matches
36,Jonathan Barden\Jonathan-Barden,eng ENG,DFMF,Sutton United,26,1992,35,35,3026,0,,0,0,9,0,0.00,,,0.00,,Matches
37,Jack Barham\Jack-Barham,eng ENG,FW,Barnet,23,1996,4,2,153,0,,0,0,0,0,0.00,,,0.00,,Matches
38,Kyle Barker\Kyle-Barker,eng ENG,MF,Wrexham,18,2000,1,0,11,0,,0,0,0,0,0.00,,,0.00,,Matches
39,Marcus Barnes\Marcus-Barnes,eng ENG,FW,Eastleigh,22,1996,14,8,799,2,,0,0,0,0,0.23,,,0.23,,Matches
40,Tyrone Barnett\Tyrone-Barnett,eng ENG,FW,Eastleigh,33,1985,34,28,2449,11,,0,0,2,0,0.40,,,0.40,,Matches
41,Jazzi Barnum-Bobb\Jazzi-Barnum-Bobb,eng ENG,DF,Wrexham,23,1995,10,10,885,0,,0,0,4,0,0.00,,,0.00,,Matches
42,Bradley Barry\Bradley-Barry,eng ENG,DFFW,Barrow,24,1995,30,30,2656,1,,0,0,6,0,0.03,,,0.03,,Matches
43,Adam Barton\Adam-Barton,nir NIR,DFMF,Wrexham,28,1991,7,6,506,0,,0,0,2,0,0.00,,,0.00,,Matches
44,Callum Baughan\Callum-Baughan,eng ENG,MF,Eastleigh,,,1,0,1,0,,0,0,0,0,0.00,,,0.00,,Matches
45,Tom Bearwish\Tom-Bearwish,eng ENG,MFFW,Eastleigh,,,19,4,616,2,,0,0,0,0,0.29,,,0.29,,Matches
46,Harry Beautyman\Harry-Beautyman,eng ENG,MFDF,Sutton United,27,1992,34,34,3045,15,,2,2,2,0,0.44,,,0.38,,Matches
47,Mark Beck\Mark-Beck,sco SCO,MFFW,Harrogate,25,1994,25,19,1770,3,,0,0,3,0,0.15,,,0.15,,Matches
48,Mitchell Beeney\Mitchell-Beeney,eng ENG,GK,Hartlepool Utd,23,1995,6,6,540,0,,0,0,0,0,0.00,,,0.00,,Matches
49,Jake Beesley\Jake-Beesley,eng ENG,FW,Solihull Moors,22,1996,23,22,1854,4,,0,0,0,0,0.19,,,0.19,,Matches
50,Nyal Bell\Nyal-Bell,eng ENG,FWMF,Stockport,22,1997,37,16,1761,6,,0,0,2,0,0.31,,,0.31,,Matches
51,James Belshaw\James-Belshaw,eng ENG,GK,Harrogate,28,1990,37,37,3330,0,,0,0,0,0,0.00,,,0.00,,Matches
52,Dale Bennett\Dale-Bennett,eng ENG,DF,Sutton United,29,1990,8,8,672,0,,0,0,0,0,0.00,,,0.00,,Matches
53,Richie Bennett\Richie-Bennett,eng ENG,MF,Stockport,28,1991,1,1,88,0,,0,0,0,0,0.00,,,0.00,,Matches
54,Jacob Berkeley-Agyepong\Jacob-Berkeley-Agyepong,eng ENG,MF,Aldershot Town,22,1997,21,15,1276,4,,0,0,0,0,0.28,,,0.28,,Matches
55,Mohamed Bettamer\Mohamed-Bettamer,ly LBY,MFFW,Aldershot Town,26,1993,19,17,1507,5,,0,0,1,0,0.30,,,0.30,,Matches
56,Botti Biabi\Botti-Biabi,sco SCO,FW,Ebbsfleet Utd,23,1996,5,0,55,0,,0,0,0,0,0.00,,,0.00,,Matches
57,Billy Bingham\Billy-Bingham,eng ENG,MFDF,Bromley,29,1990,31,30,2709,3,,0,0,6,0,0.10,,,0.10,,Matches
58,Jerome Binnom-Williams\Jerome-Binnom-Williams,eng ENG,DF,FC Halifax Town,24,1995,25,25,2229,3,,0,0,4,1,0.12,,,0.12,,Matches
59,Pierce Bird\Pierce-Bird,nir NIR,MFFW,Notts County,20,1999,11,3,297,0,,0,0,0,0,0.00,,,0.00,,Matches
60,Andre Blackman\Andre-Blackman,eng ENG,DFMF,Ebbsfleet Utd,28,1990,14,11,1064,0,,0,0,1,0,0.00,,,0.00,,Matches
61,Adam Blakeman\Adam-Blakeman,eng ENG,DFMF,Chorley,27,1991,31,26,2259,0,,0,0,4,0,0.00,,,0.00,,Matches
62,Nathan Blissett\Nathan-Blissett,eng ENG,FWMF,Solihull Moors,29,1990,19,14,1239,4,,0,0,5,0,0.29,,,0.29,,Matches
63,Scott Boden\Scott-Boden,eng ENG,FWMF,Chesterfield,29,1989,34,27,2252,10,,1,1,1,0,0.40,,,0.36,,Matches
64,Tom Bolarinwa\Tom-Bolarinwa,eng ENG,DFMF,Sutton United,29,1990,17,13,1191,0,,0,0,1,0,0.00,,,0.00,,Matches
65,Enzio Boldewijn\Enzio-Boldewijn,nl NED,MFDF,Notts County,26,1992,37,36,3167,8,,0,0,4,0,0.23,,,0.23,,Matches
66,Ryan Boot\Ryan-Boot,eng ENG,GK,Solihull Moors,24,1994,38,38,3420,0,,0,0,0,0,0.00,,,0.00,,Matches
67,Regan Booty\Regan-Booty,eng ENG,MFFW,Notts County,21,1998,20,13,1252,2,,0,0,0,0,0.14,,,0.14,,Matches
68,Andre Boucaud\Andre-Boucaud,tt TRI,MFDF,Barnet,34,1984,7,4,356,0,,0,0,0,0,0.00,,,0.00,,Matches
69,Andrew Boyce\Andrew-Boyce,eng ENG,MFDF,Eastleigh,29,1989,34,34,3039,1,,0,0,7,0,0.03,,,0.03,,Matches
70,Tom Bradbury\Tom-Bradbury,eng ENG,MFDF,Yeovil Town,,,19,16,1450,1,,0,0,4,0,0.06,,,0.06,,Matches
71,Alex Bradley\Alex-Bradley,fi FIN,MFDF,Harrogate,20,1999,22,20,1678,3,,0,0,5,0,0.16,,,0.16,,Matches
72,Daniel Bradley\Daniel-Bradley,eng ENG,MFDF,Fylde,28,1991,30,19,1792,4,,0,0,5,0,0.20,,,0.20,,Matches
73,Richard Brindley\Richard-Brindley,eng ENG,FWDF,Notts County,26,1993,24,24,2148,1,,0,0,5,0,0.04,,,0.04,,Matches
74,Patrick Brough\Patrick-Brough,eng ENG,DFMF,Barrow,23,1996,31,31,2690,2,,0,0,7,0,0.07,,,0.07,,Matches
75,Connor Brown\Connor-Brown,eng ENG,MFDF,Barrow,26,1992,17,10,1098,1,,0,0,6,0,0.08,,,0.08,,Matches
76,Matty Brown\Matty-Brown,eng ENG,DFMF,FC Halifax Town,29,1990,21,21,1859,0,,0,0,2,0,0.00,,,0.00,,Matches
77,Scott Brown\Scott-Brown,eng ENG,MF,Harrogate,34,1985,8,4,336,0,,0,0,0,0,0.00,,,0.00,,Matches
78,Wayne Brown\Wayne-Brown,eng ENG,MF,Sutton United,30,1988,1,0,,0,,0,0,0,0,,,,,,Matches
79,Mitch Brundle\Mitch-Brundle,eng ENG,MFDF,Dag & Red,24,1994,27,27,2403,6,,1,1,4,1,0.22,,,0.19,,Matches
80,Marcin Brzozowski\Marcin-Brzozowski,pl POL,GK,Yeovil Town,20,1998,2,2,180,0,,0,0,0,0,0.00,,,0.00,,Matches
81,David Buchanan\David-Buchanan,nir NIR,DFMF,Chesterfield,33,1986,25,24,2147,0,,0,0,4,0,0.00,,,0.00,,Matches
82,Omar Bugiel\Omar-Bugiel,lb LIB,MFFW,Sutton United,25,1994,30,24,1966,7,,1,1,5,1,0.32,,,0.27,,Matches
83,Luke Burke\Luke-Burke,eng ENG,DFMF,Fylde,21,1998,28,28,2433,0,,0,0,2,0,0.00,,,0.00,,Matches
84,Warren Burrell\Warren-Burrell,eng ENG,MFDF,Harrogate,29,1990,34,34,3012,0,,0,0,6,1,0.00,,,0.00,,Matches
85,Matt Buse\Matt-Buse,,MFDF,Torquay,,,17,15,1300,2,,0,0,2,0,0.14,,,0.14,,Matches
86,Chris Bush\Chris-Bush,eng ENG,DFMF,Bromley,27,1992,34,33,2967,4,,0,0,8,2,0.12,,,0.12,,Matches
87,Jamie Butler\Jamie-Butler,eng ENG,GK,Sutton United,27,1992,19,19,1710,0,,0,0,1,0,0.00,,,0.00,,Matches
88,Neill Byrne\Neill-Byrne,ie IRL,DFMF,Fylde,26,1993,37,37,3289,2,,0,0,7,0,0.05,,,0.05,,Matches
89,Kyle Cameron\Kyle-Cameron,sco SCO,DFMF,Torquay,22,1997,34,34,3060,2,,0,0,3,0,0.06,,,0.06,,Matches
90,Remaye Campbell\Remaye-Campbell,eng ENG,FW,Notts County,18,2000,1,0,6,0,,0,0,0,0,0.00,,,0.00,,Matches
91,Ted Cann\Ted-Cann,eng ENG,GK,Yeovil Town,18,2000,2,2,180,0,,0,0,0,0,0.00,,,0.00,,Matches
92,Harry Cardwell\Harry-Cardwell,sco SCO,DF,Chorley,22,1996,1,1,90,1,,0,0,0,0,1.00,,,1.00,,Matches
93,George Carline\George-Carline,eng ENG,MFDF,Solihull Moors,,,12,8,707,1,,0,0,1,0,0.13,,,0.13,,Matches
94,Mark Carrington\Mark-Carrington,eng ENG,DFMF,Wrexham,32,1987,24,21,1899,0,,0,0,2,0,0.00,,,0.00,,Matches
95,Darren Carter\Darren-Carter,eng ENG,MFDF,Solihull Moors,35,1983,18,9,963,0,,0,0,2,0,0.00,,,0.00,,Matches
96,Marcus Carver\Marcus-Carver,eng ENG,FWMF,Chorley,25,1993,31,27,2391,4,,0,0,10,0,0.15,,,0.15,,Matches
97,Josh Casey\Josh-Casey,eng ENG,DF,Woking,27,1991,35,35,3150,0,,0,0,7,0,0.00,,,0.00,,Matches
98,Jake Cassidy\Jake-Cassidy,wal WAL,MFFW,Maidenhead Utd,26,1993,28,25,2265,5,,1,1,6,0,0.20,,,0.16,,Matches
99,Matty Challoner\Matty-Challoner,eng ENG,DF,Chorley,25,1993,34,33,2994,1,,0,0,9,0,0.03,,,0.03,,Matches
100,Michael Chambers\Michael-Chambers,eng ENG,FWMF,Wrexham,25,1994,12,11,1027,0,,0,0,1,0,0.00,,,0.00,,Matches
101,Michael Chambers\Michael-Chambers,eng ENG,MFFW,Bromley,25,1994,3,2,149,0,,0,0,1,0,0.00,,,0.00,,Matches
102,Tom Champion\Tom-Champion,eng ENG,DFMF,Boreham Wood,33,1986,34,33,2964,1,,0,0,9,1,0.03,,,0.03,,Matches
103,Michael Cheek\Michael-Cheek,eng ENG,FWMF,Bromley,31,1988,37,37,3206,13,,0,0,8,0,0.36,,,0.36,,Matches
104,Okem Chime\Okem-Chime,eng ENG,FW,Barnet,17,2001,1,0,9,0,,0,0,0,0,0.00,,,0.00,,Matches
105,Ethan Chislett\Ethan-Chislett,eng ENG,MFDF,Aldershot Town,,,37,31,2677,9,,2,2,1,0,0.30,,,0.24,,Matches
106,Kenny Clark\Kenny-Clark,eng ENG,MFDF,Dag & Red,30,1988,33,33,2901,0,,0,0,4,0,0.00,,,0.00,,Matches
107,Eddie Clarke\Eddie-Clarke,eng ENG,DF,Stockport,20,1998,4,4,311,0,,0,0,0,0,0.00,,,0.00,,Matches
108,Nathan Clarke\Nathan-Clarke,eng ENG,MFDF,FC Halifax Town,35,1983,33,33,2940,2,,0,0,4,1,0.06,,,0.06,,Matches
109,Nick Clayton-Phillips\Nick-Clayton-Phillips,eng ENG,FW,Solihull Moors,19,1999,4,1,121,0,,0,0,0,0,0.00,,,0.00,,Matches
110,Remy Clerima\Remy-Clerima,fr FRA,DF,Maidenhead Utd,28,1990,24,23,2086,5,,0,0,1,0,0.22,,,0.22,,Matches
111,Adrian Clifton\Adrian-Clifton,ms MSR,FW,Bromley,30,1988,24,2,500,0,,0,0,1,0,0.00,,,0.00,,Matches
112,Luke Coddington\Luke-Coddington,eng ENG,GK,Chesterfield,24,1995,10,9,855,0,,0,0,0,0,0.00,,,0.00,,Matches
113,Andre Coker\Andre-Coker,eng ENG,MF,Bromley,,,5,0,70,1,,0,0,0,0,1.29,,,1.29,,Matches
114,Nathan Collier\Nathan-Collier,eng ENG,MFDF,Woking,33,1985,14,7,743,0,,0,0,1,0,0.00,,,0.00,,Matches
115,Jamie Collins\Jamie-Collins,eng ENG,DFMF,Sutton United,34,1984,17,16,1440,3,,1,1,2,0,0.19,,,0.12,,Matches
116,Lee Collins\Lee-Collins,eng ENG,DFMF,Yeovil Town,30,1988,27,26,2215,0,,0,0,3,1,0.00,,,0.00,,Matches
117,James Comley\James-Comley,ms MSR,MFDF,Maidenhead Utd,28,1991,26,24,2132,0,,0,0,8,0,0.00,,,0.00,,Matches
118,Jack Cook\Jack-Cook,eng ENG,DF,Woking,25,1993,34,33,2970,1,,0,0,5,0,0.03,,,0.03,,Matches
119,Brandon Cooper\Brandon-Cooper,wal WAL,DF,Yeovil Town,19,2000,3,1,95,0,,0,0,0,0,0.00,,,0.00,,Matches
120,Charlie Cooper\Charlie-Cooper,eng ENG,MFFW,FC Halifax Town,22,1997,27,25,2223,1,,0,0,6,0,0.04,,,0.04,,Matches
121,Tyler Cordner\Tyler-Cordner,eng ENG,MFDF,Ebbsfleet Utd,20,1998,20,19,1755,0,,0,0,5,0,0.00,,,0.00,,Matches
122,Jake Cottrell\Jake-Cottrell,eng ENG,MFDF,Chorley,31,1988,29,23,2050,0,,0,0,4,0,0.00,,,0.00,,Matches
123,Luke Coulson\Luke-Coulson,eng ENG,DFFW,Bromley,25,1994,38,36,3011,3,,0,0,3,0,0.09,,,0.09,,Matches
124,Shaq Coulthirst\Shaq-Coulthirst,eng ENG,FW,Barnet,24,1994,7,1,164,1,,0,0,0,0,0.55,,,0.55,,Matches
125,Mark Cousins\Mark-Cousins,eng ENG,GK,Bromley,32,1987,18,18,1538,0,,0,0,0,0,0.00,,,0.00,,Matches
126,Dan Cowan\Dan-Cowan,eng ENG,DF,Stockport,27,1992,30,26,2375,1,,0,0,1,0,0.04,,,0.04,,Matches
127,Jason Cowley\Jason-Cowley,eng ENG,MFFW,Solihull Moors,,,6,4,332,0,,0,0,1,0,0.00,,,0.00,,Matches
128,James Craigen\James-Craigen,eng ENG,DFMF,Fylde,28,1991,15,12,1012,0,,0,0,3,0,0.00,,,0.00,,Matches
129,Tom Crawford\Tom-Crawford,eng ENG,MFDF,Notts County,20,1999,8,2,222,1,,0,0,0,0,0.41,,,0.41,,Matches
130,William Crellin\William-Crellin,eng ENG,GK,Chorley,19,2000,9,9,810,0,,0,0,0,0,0.00,,,0.00,,Matches
131,Romoney Crichlow-Noble\Romoney-Crichlow-Noble,eng ENG,MFDF,Hartlepool Utd,20,1999,2,2,163,0,,0,0,2,0,0.00,,,0.00,,Matches
132,Ryan Croasdale\Ryan-Croasdale,eng ENG,MFDF,Fylde,24,1994,36,36,3168,6,,0,0,4,1,0.17,,,0.17,,Matches
133,Luke Croll\Luke-Croll,eng ENG,DFMF,Dag & Red,24,1995,30,29,2611,0,,0,0,2,1,0.00,,,0.00,,Matches
134,Jordan Cropper\Jordan-Cropper,eng ENG,DF,Chesterfield,,,8,8,699,1,,0,0,0,0,0.13,,,0.13,,Matches
135,Kurtis Cumberbatch\Kurtis-Cumberbatch,eng ENG,MFDF,Dover Athletic,23,1995,15,10,843,1,,0,0,5,1,0.11,,,0.11,,Matches
136,Robbie Cundy\Robbie-Cundy,eng ENG,DFFW,Torquay,22,1997,25,25,2222,1,,0,0,2,0,0.04,,,0.04,,Matches
137,Aaron Cunningham\Aaron-Cunningham,sco SCO,DFMF,Hartlepool Utd,21,1998,10,8,746,0,,0,0,1,0,0.00,,,0.00,,Matches
138,Alex Curran\Alex-Curran,eng ENG,FW,Stockport,20,1998,2,0,101,0,,0,0,0,0,0.00,,,0.00,,Matches
139,Lawson D'Ath\Lawson-DAth,eng ENG,DFMF,Yeovil Town,26,1992,25,21,1797,0,,0,0,4,0,0.00,,,0.00,,Matches
140,Chris Dagnall\Chris-Dagnall,eng ENG,FWMF,Yeovil Town,33,1986,20,6,654,1,,0,0,2,1,0.14,,,0.14,,Matches
141,Liam Daly\Liam-Daly,eng ENG,MFDF,Solihull Moors,31,1987,16,16,1401,0,,0,0,0,0,0.00,,,0.00,,Matches
142,Aron Davies\Aron-Davies,wal WAL,DFMF,Maidenhead Utd,21,1997,20,14,1149,0,,0,0,2,0,0.00,,,0.00,,Matches
143,Kenny Davis\Kenny-Davis,eng ENG,MFDF,Sutton United,31,1988,27,26,2225,0,,0,0,7,0,0.00,,,0.00,,Matches
144,Liam Davis\Liam-Davis,eng ENG,DFMF,Torquay,32,1986,16,16,1421,2,,0,0,4,0,0.13,,,0.13,,Matches
145,Sam Deering\Sam-Deering,eng ENG,MF,Dag & Red,28,1991,9,8,691,0,,0,0,2,0,0.00,,,0.00,,Matches
146,Ben Dempsey\Ben-Dempsey,eng ENG,MFFW,Woking,19,1999,5,5,424,0,,0,0,0,0,0.00,,,0.00,,Matches
147,Kristian Dennis\Kristian-Dennis,eng ENG,DFMF,Notts County,29,1990,30,16,1462,12,,2,2,0,0,0.74,,,0.62,,Matches
148,Tom Denton\Tom-Denton,eng ENG,FW,Chesterfield,30,1989,25,17,1555,8,,1,1,1,0,0.46,,,0.41,,Matches
149,Jack Diamond\Jack-Diamond,eng ENG,FWMF,Harrogate,19,2000,27,20,1732,3,,0,0,3,0,0.16,,,0.16,,Matches
150,Moussa Diarra\Moussa-Diarra,fr FRA,DFMF,Woking,29,1990,32,31,2828,2,,0,0,5,0,0.06,,,0.06,,Matches
151,Christian Dibble\Christian-Dibble,wal WAL,GK,Wrexham,25,1994,16,16,1440,0,,0,0,0,0,0.00,,,0.00,,Matches
152,Carl Dickinson\Carl-Dickinson,eng ENG,DF,Yeovil Town,32,1987,27,26,2385,0,,0,0,5,0,0.00,,,0.00,,Matches
153,Ryan Dickson\Ryan-Dickson,eng ENG,MF,Torquay,32,1986,2,1,78,0,,0,0,0,0,0.00,,,0.00,,Matches
154,Connor Dimaio\Connor-Dimaio,ie IRL,MFFW,Stockport,23,1996,18,8,676,0,,0,0,0,0,0.00,,,0.00,,Matches
155,Joel Dixon\Joel-Dixon,eng ENG,GK,Barrow,25,1993,37,37,3330,0,,0,0,2,0,0.00,,,0.00,,Matches
156,James Dobson\James-Dobson,eng ENG,MF,Dag & Red,36,1983,22,12,1025,2,,1,1,1,0,0.18,,,0.09,,Matches
157,Louis Dodds\Louis-Dodds,eng ENG,MFFW,Chorley,32,1986,17,4,484,0,,0,0,1,0,0.00,,,0.00,,Matches
158,Scott Doe\Scott-Doe,eng ENG,DFMF,Dover Athletic,30,1988,15,14,1279,1,,0,0,3,0,0.07,,,0.07,,Matches
159,Ryan Donaldson\Ryan-Donaldson,eng ENG,MFFW,Hartlepool Utd,28,1991,34,33,2923,3,,0,0,2,1,0.09,,,0.09,,Matches
160,Shaun Donnellan\Shaun-Donnellan,ie IRL,MFDF,Woking,22,1996,30,25,2026,2,,0,0,2,0,0.09,,,0.09,,Matches
161,Alfie Doughty\Alfie-Doughty,eng ENG,MFFW,Bromley,19,1999,8,6,457,2,,0,0,0,0,0.39,,,0.39,,Matches
162,Jordan Downing\Jordan-Downing,eng ENG,DF,Stockport,21,1998,1,0,,0,,0,0,0,0,,,,,,Matches
163,Michael Doyle\Michael-Doyle,ie IRL,MFDF,Notts County,37,1981,29,27,2388,0,,0,0,7,3,0.00,,,0.00,,Matches
164,Yannis Drais\Yannis-Drais,,MFDF,Aldershot Town,,,3,2,127,0,,0,0,0,0,0.00,,,0.00,,Matches
165,Declan Drysdale\Declan-Drysdale,eng ENG,DF,Solihull Moors,,,3,3,236,0,,0,0,1,0,0.00,,,0.00,,Matches
166,Michael Duckworth\Michael-Duckworth,eng ENG,DF,FC Halifax Town,27,1992,30,27,2470,3,,0,0,1,0,0.11,,,0.11,,Matches
167,Courtney Duffus\Courtney-Duffus,ie IRL,FWDF,Yeovil Town,23,1995,31,25,2241,13,,0,0,5,0,0.52,,,0.52,,Matches
168,Immanuelson Duku\Immanuelson-Duku,nl NED,FWMF,Torquay,,,15,4,529,0,,0,0,2,0,0.00,,,0.00,,Matches
169,Craig Dundas\Craig-Dundas,eng ENG,FW,Sutton United,38,1981,26,0,303,1,,0,0,0,0,0.30,,,0.30,,Matches
170,Chris Dunn\Chris-Dunn,eng ENG,GK,Maidenhead Utd,31,1987,16,16,1440,0,,0,0,0,0,0.00,,,0.00,,Matches
171,Declan Dunn\Declan-Dunn,eng ENG,DF,Notts County,18,2000,3,1,163,0,,0,0,1,0,0.00,,,0.00,,Matches
172,Alan Dunne\Alan-Dunne,ie IRL,DF,Bromley,36,1982,1,0,6,0,,0,0,0,0,0.00,,,0.00,,Matches
173,James Dunne\James-Dunne,eng ENG,DFMF,Barnet,29,1989,25,22,2056,0,,0,0,9,0,0.00,,,0.00,,Matches
174,Scott Duxberry\Scott-Duxberry,eng ENG,DF,Fylde,,,18,18,1499,0,,0,0,1,0,0.00,,,0.00,,Matches
175,Scott Duxberry\Scott-Duxberry,eng ENG,FWDF,Chorley,,,8,8,720,0,,0,0,1,0,0.00,,,0.00,,Matches
176,Oliver Dyson\Oliver-Dyson,eng ENG,FWMF,Barrow,,,28,13,1215,4,,0,0,3,0,0.30,,,0.30,,Matches
177,Jack Earing\Jack-Earing,eng ENG,DF,FC Halifax Town,20,1999,10,3,364,1,,0,0,2,0,0.25,,,0.25,,Matches
178,Craig Eastmond\Craig-Eastmond,eng ENG,MFDF,Sutton United,28,1990,24,21,1888,1,,0,0,6,2,0.05,,,0.05,,Matches
179,Rarmani Edmonds-Green\Rarmani-Edmonds-Green,eng ENG,DFMF,Bromley,20,1999,7,4,420,0,,0,0,1,0,0.00,,,0.00,,Matches
180,Toby Edser\Toby-Edser,eng ENG,MFDF,Woking,20,1999,13,11,906,1,,0,0,2,0,0.10,,,0.10,,Matches
181,Opi Edwards\Opi-Edwards,eng ENG,MF,Torquay,20,1999,7,2,213,2,,0,0,0,0,0.85,,,0.85,,Matches
182,Ronnie Edwards\Ronnie-Edwards,,MF,Barnet,,,1,0,,0,,0,0,0,0,,,,,,Matches
183,Inih Effiong\Inih-Effiong,eng ENG,FWMF,Dover Athletic,28,1991,36,34,2995,16,,4,4,1,0,0.48,,,0.36,,Matches
184,Alfie Egan\Alfie-Egan,eng ENG,DFMF,Ebbsfleet Utd,21,1997,19,6,632,0,,0,0,0,0,0.00,,,0.00,,Matches
185,Marvel Ekpiteta\Marvel-Ekpiteta,eng ENG,DFMF,Ebbsfleet Utd,23,1995,20,20,1726,2,,0,0,3,0,0.10,,,0.10,,Matches
186,Andrew Eleftheriou\Andrew-Eleftheriou,eng ENG,DF,Dag & Red,21,1997,19,18,1478,0,,0,0,2,0,0.00,,,0.00,,Matches
187,Medy Elito\Medy-Elito,eng ENG,MFFW,Barnet,29,1990,15,10,898,0,,0,0,0,0,0.00,,,0.00,,Matches
188,Joe Ellul\Joe-Ellul,eng ENG,DFMF,Maidenhead Utd,30,1988,32,32,2789,1,,0,0,10,2,0.03,,,0.03,,Matches
189,Jack Emmett\Jack-Emmett,eng ENG,DFMF,Harrogate,25,1993,27,15,1446,2,,0,0,1,0,0.12,,,0.12,,Matches
190,Will Evans\Will-Evans,eng ENG,DFMF,Chesterfield,27,1991,38,37,3375,0,,0,0,6,0,0.00,,,0.00,,Matches
191,Aaron Eyoma\Aaron-Eyoma,eng ENG,MFDF,Aldershot Town,21,1997,13,7,637,1,,0,0,0,0,0.14,,,0.14,,Matches
192,Josh Falkingham\Josh-Falkingham,eng ENG,MFDF,Harrogate,28,1990,32,32,2855,4,,0,0,3,0,0.13,,,0.13,,Matches
193,Ryan Fallowfield\Ryan-Fallowfield,eng ENG,DFMF,Harrogate,23,1996,26,24,2227,2,,0,0,1,0,0.08,,,0.08,,Matches
194,Nicky Featherstone\Nicky-Featherstone,eng ENG,MFDF,Hartlepool Utd,30,1988,35,29,2625,3,,0,0,6,1,0.10,,,0.10,,Matches
195,Shamir Fenelon\Shamir-Fenelon,ie IRL,MFFW,Maidenhead Utd,24,1994,19,8,729,3,,0,0,0,0,0.37,,,0.37,,Matches
196,Kane Ferdinand\Kane-Ferdinand,ie IRL,MFDF,Woking,26,1992,34,32,2909,4,,0,0,7,0,0.12,,,0.12,,Matches
197,Alex Finney\Alex-Finney,eng ENG,MFDF,Aldershot Town,23,1996,23,23,1982,0,,0,0,2,0,0.00,,,0.00,,Matches
198,Ross Fitzsimons\Ross-Fitzsimons,eng ENG,GK,Notts County,25,1994,3,3,270,0,,0,0,0,0,0.00,,,0.00,,Matches
199,Ross Fitzsimons\Ross-Fitzsimons,eng ENG,GK,Chesterfield,25,1994,1,0,45,0,,0,0,0,0,0.00,,,0.00,,Matches
200,Alex Fletcher\Alex-Fletcher,eng ENG,FW,Aldershot Town,20,1999,6,3,271,0,,0,0,0,0,0.00,,,0.00,,Matches
201,Mike Fondop-Talom\Mike-Fondop-Talom,cm CMR,FWMF,Chesterfield,25,1993,29,20,1904,10,,0,0,5,1,0.47,,,0.47,,Matches
202,Wesley Fonguck\Wesley-Fonguck,eng ENG,MFDF,Barnet,22,1997,19,15,1198,1,,0,0,0,0,0.08,,,0.08,,Matches
203,George Fowler\George-Fowler,eng ENG,MFDF,Aldershot Town,21,1997,17,15,1427,1,,0,0,2,0,0.06,,,0.06,,Matches
204,Euan Frank Mulhern\Euan-Frank-Mulhern,ie IRL,FWMF,Stockport,22,1997,28,15,1358,5,,0,0,2,0,0.33,,,0.33,,Matches
205,Tyler French\Tyler-French,eng ENG,MFDF,Fylde,20,1999,5,4,364,0,,0,0,2,0,0.00,,,0.00,,Matches
206,Jamal Fyfield\Jamal-Fyfield,eng ENG,MFDF,Boreham Wood,30,1989,25,24,2111,2,,0,0,5,1,0.09,,,0.09,,Matches
207,Tyler Garratt\Tyler-Garratt,eng ENG,DFMF,Stockport,22,1996,11,11,884,0,,0,0,0,0,0.00,,,0.00,,Matches
208,Tyler Garratt\Tyler-Garratt,eng ENG,MF,Wrexham,22,1996,3,3,270,0,,0,0,0,0,0.00,,,0.00,,Matches
209,Anthony Gerrard\Anthony-Gerrard,ie IRL,MFDF,Chesterfield,33,1986,10,10,861,0,,0,0,3,0,0.00,,,0.00,,Matches
210,Ben Gerring\Ben-Gerring,eng ENG,MFDF,Woking,28,1991,32,32,2754,1,,0,0,8,1,0.03,,,0.03,,Matches
211,Oscar Gobern\Oscar-Gobern,eng ENG,MFDF,Dover Athletic,28,1991,24,22,1838,1,,0,0,4,0,0.05,,,0.05,,Matches
212,John Goddard\John-Goddard,eng ENG,MFDF,Ebbsfleet Utd,26,1993,21,18,1503,1,,0,0,4,0,0.06,,,0.06,,Matches
213,Ben Goodliffe\Ben-Goodliffe,eng ENG,DFMF,Sutton United,20,1999,35,35,3150,2,,0,0,5,0,0.06,,,0.06,,Matches
214,Liam Gordon\Liam-Gordon,gy GUY,DFMF,Dag & Red,20,1999,14,12,1103,0,,0,0,2,0,0.00,,,0.00,,Matches
215,Bagasan Graham\Bagasan-Graham,eng ENG,MFFW,Dag & Red,26,1992,21,10,1012,0,,0,0,0,0,0.00,,,0.00,,Matches
216,Sam Graham\Sam-Graham,eng ENG,FWDF,Notts County,18,2000,10,7,638,0,,0,0,0,0,0.00,,,0.00,,Matches
217,Josh Granite\Josh-Granite,eng ENG,DFMF,Barrow,27,1992,7,7,630,1,,0,0,0,0,0.14,,,0.14,,Matches
218,Bobby Grant\Bobby-Grant,eng ENG,FWMF,Wrexham,29,1990,27,25,2213,7,,2,2,4,1,0.28,,,0.20,,Matches
219,Freddie Grant\Freddie-Grant,eng ENG,MFDF,Maidenhead Utd,,,3,2,170,0,,0,0,1,0,0.00,,,0.00,,Matches
220,Reece Grant\Reece-Grant,eng ENG,FW,Dag & Red,,,26,6,891,2,,0,0,1,0,0.20,,,0.20,,Matches
221,Reece Grant\Reece-Grant,eng ENG,MF,Aldershot Town,,,1,1,82,0,,0,0,1,0,0.00,,,0.00,,Matches
222,Jake Gray\Jake-Gray,eng ENG,FW,Woking,23,1995,5,2,162,0,,0,0,1,0,0.00,,,0.00,,Matches
223,Oliver Greaves\Oliver-Greaves,eng ENG,MFDF,Barrow,,,9,3,436,0,,0,0,1,0,0.00,,,0.00,,Matches
224,Mike Green\Mike-Green,eng ENG,DFMF,Eastleigh,30,1989,25,23,2068,0,,0,0,3,0,0.00,,,0.00,,Matches
225,David Gregory\David-Gregory,eng ENG,GK,Boreham Wood,24,1994,14,14,1260,0,,0,0,0,0,0.00,,,0.00,,Matches
226,David Gregory\David-Gregory,eng ENG,GK,Ebbsfleet Utd,24,1994,7,7,554,0,,0,0,0,0,0.00,,,0.00,,Matches
227,Jamie Grimes\Jamie-Grimes,eng ENG,DFMF,Ebbsfleet Utd,28,1990,32,27,2460,0,,0,0,6,0,0.00,,,0.00,,Matches
228,Dayle Grubb\Dayle-Grubb,eng ENG,FW,Eastleigh,28,1991,3,3,245,0,,0,0,1,0,0.00,,,0.00,,Matches
229,Alex Gudger\Alex-Gudger,eng ENG,DFMF,Solihull Moors,27,1992,34,34,2993,0,,0,0,3,1,0.00,,,0.00,,Matches
230,Gavin Gunning\Gavin-Gunning,ie IRL,MFDF,Solihull Moors,28,1991,15,15,1222,1,,0,0,2,0,0.07,,,0.07,,Matches
231,Recco Hackett-Fairchild\Recco-Hackett-Fairchild,eng ENG,MFFW,Bromley,,,23,20,1782,8,,0,0,1,0,0.40,,,0.40,,Matches
232,Asa Hall\Asa-Hall,eng ENG,MFDF,Torquay,32,1986,19,19,1573,4,,0,0,2,1,0.23,,,0.23,,Matches
233,Connor Hall\Connor-Hall,eng ENG,DFMF,Harrogate,26,1993,33,33,2970,3,,0,0,0,0,0.09,,,0.09,,Matches
234,Connor Hall\Connor-Hall,eng ENG,FW,Chorley,21,1998,6,6,485,3,,0,0,2,1,0.56,,,0.56,,Matches
235,Tyler Hamilton\Tyler-Hamilton,eng ENG,MF,Hartlepool Utd,20,1999,6,1,136,0,,0,0,0,0,0.00,,,0.00,,Matches
236,Adam Hammill\Adam-Hammill,eng ENG,MF,Stockport,31,1988,4,2,174,0,,0,0,1,0,0.00,,,0.00,,Matches
237,Mitch Hancox\Mitch-Hancox,eng ENG,MFDF,Solihull Moors,25,1993,19,8,850,1,,0,0,4,0,0.11,,,0.11,,Matches
238,Mitch Hancox\Mitch-Hancox,eng ENG,MFDF,Harrogate,25,1993,5,5,450,0,,0,0,0,0,0.00,,,0.00,,Matches
239,Jacob Hanson\Jacob-Hanson,eng ENG,MFDF,FC Halifax Town,21,1997,5,5,436,0,,0,0,0,0,0.00,,,0.00,,Matches
240,Lewis Hardcastle\Lewis-Hardcastle,eng ENG,MFDF,Barrow,21,1998,36,23,2189,2,,0,0,8,0,0.08,,,0.08,,Matches
241,Robert Harker\Robert-Harker,eng ENG,FW,Hartlepool Utd,19,2000,7,5,393,0,,0,0,0,0,0.00,,,0.00,,Matches
242,Kian Harratt\Kian-Harratt,eng ENG,FW,Harrogate,17,2002,4,0,40,0,,0,0,0,0,0.00,,,0.00,,Matches
243,Jay Harris\Jay-Harris,eng ENG,MF,Wrexham,32,1987,5,4,371,0,,0,0,1,0,0.00,,,0.00,,Matches
244,Jayden Harris\Jayden-Harris,eng ENG,MF,Woking,19,1999,3,3,199,0,,0,0,1,0,0.00,,,0.00,,Matches
245,Mark Harris\Mark-Harris,wal WAL,FW,Wrexham,20,1998,25,12,1197,3,,0,0,2,0,0.23,,,0.23,,Matches
246,Byron Harrison\Byron-Harrison,eng ENG,FW,Barrow,32,1987,29,5,688,0,,0,0,3,0,0.00,,,0.00,,Matches
247,Nick Haughton\Nick-Haughton,eng ENG,MFFW,Fylde,24,1994,28,15,1380,2,,0,0,2,0,0.13,,,0.13,,Matches
248,Will de Havilland\Will-de-Havilland,eng ENG,DFMF,Dover Athletic,24,1994,29,29,2565,3,,0,0,5,0,0.11,,,0.11,,Matches
249,Josh Hawkes\Josh-Hawkes,eng ENG,MF,Hartlepool Utd,20,1999,18,7,726,1,,0,0,4,0,0.12,,,0.12,,Matches
250,Terry Hawkridge\Terry-Hawkridge,eng ENG,MFDF,Solihull Moors,29,1990,31,19,1847,2,,2,2,1,0,0.10,,,0.00,,Matches
251,Kane Hemmings\Kane-Hemmings,eng ENG,DF,Notts County,27,1992,1,1,90,0,,0,0,0,0,0.00,,,0.00,,Matches
252,Korrey Henry\Korrey-Henry,eng ENG,FW,Bromley,19,1999,3,0,17,0,,0,0,0,0,0.00,,,0.00,,Matches
253,Loic Hernandez\Loic-Hernandez,eng ENG,DFMF,Barnet,,,3,3,270,0,,0,0,0,0,0.00,,,0.00,,Matches
254,Jordan Higgs\Jordan-Higgs,eng ENG,MFDF,Bromley,22,1997,11,4,426,0,,0,0,4,0,0.00,,,0.00,,Matches
255,Ben Hinchcliffe\Ben-Hinchcliffe,eng ENG,GK,Stockport,30,1988,38,38,3420,0,,0,0,0,0,0.00,,,0.00,,Matches
256,Bilel Hinchiri\Bilel-Hinchiri,fr FRA,FWMF,Dover Athletic,23,1995,5,3,241,0,,0,0,0,0,0.00,,,0.00,,Matches
257,Jack Hindle\Jack-Hindle,eng ENG,MFFW,Barrow,25,1993,22,3,464,1,,0,0,1,0,0.19,,,0.19,,Matches
258,Myles Hippolyte\Myles-Hippolyte,eng ENG,DFMF,Yeovil Town,24,1994,31,29,2532,5,,0,0,9,1,0.18,,,0.18,,Matches
259,Sam Hird\Sam-Hird,eng ENG,DFMF,Barrow,31,1987,33,33,2970,0,,0,0,6,0,0.00,,,0.00,,Matches
260,Paul Hodges\Paul-Hodges,eng ENG,MF,Woking,,,17,1,341,1,,0,0,1,0,0.26,,,0.26,,Matches
261,Liam Hogan\Liam-Hogan,eng ENG,MFDF,Stockport,30,1989,5,5,450,1,,0,0,2,0,0.20,,,0.20,,Matches
262,Jack Holland\Jack-Holland,eng ENG,DFMF,Bromley,27,1992,27,24,2199,2,,0,0,2,1,0.08,,,0.08,,Matches
263,Danny Hollands\Danny-Hollands,eng ENG,DFMF,Eastleigh,33,1985,37,37,3252,10,,0,0,8,0,0.28,,,0.28,,Matches
264,Haydn Hollis\Haydn-Hollis,eng ENG,MFDF,Chesterfield,26,1992,31,31,2748,2,,0,0,4,0,0.07,,,0.07,,Matches
265,Jordan Holmes\Jordan-Holmes,au AUS,GK,Ebbsfleet Utd,22,1997,22,21,1961,0,,0,0,4,0,0.00,,,0.00,,Matches
266,Gavan Holohan\Gavan-Holohan,ie IRL,MFDF,Hartlepool Utd,27,1991,29,18,1652,8,,0,0,5,1,0.44,,,0.44,,Matches
267,Chris Holroyd\Chris-Holroyd,eng ENG,FW,Chorley,32,1986,27,16,1448,6,,1,1,2,0,0.37,,,0.31,,Matches
268,JJ Hooper\JJ-Hooper,eng ENG,FW,Wrexham,25,1993,19,16,1375,6,,0,0,3,0,0.39,,,0.39,,Matches
269,Sam Hornby\Sam-Hornby,eng ENG,GK,Fylde,24,1995,16,16,1440,0,,0,0,0,0,0.00,,,0.00,,Matches
270,Tyler Hornby-Forbes\Tyler-Hornby-Forbes,eng ENG,DF,Fylde,23,1996,6,3,294,1,,0,0,2,0,0.31,,,0.31,,Matches
271,James Horsfield\James-Horsfield,eng ENG,MF,Wrexham,23,1995,3,3,266,0,,0,0,0,0,0.00,,,0.00,,Matches
272,Ben House\Ben-House,eng ENG,FW,Dag & Red,20,1999,9,8,683,2,,0,0,3,0,0.26,,,0.26,,Matches
273,Callum Howe\Callum-Howe,eng ENG,MFDF,Solihull Moors,25,1994,38,38,3420,4,,0,0,5,0,0.11,,,0.11,,Matches
274,Samuel Howes\Samuel-Howes,eng ENG,GK,Woking,21,1997,2,2,180,0,,0,0,1,0,0.00,,,0.00,,Matches
275,Ryan Huddart\Ryan-Huddart,eng ENG,GK,Bromley,22,1997,20,20,1800,0,,0,0,0,0,0.00,,,0.00,,Matches
276,Max Hunt\Max-Hunt,eng ENG,DFMF,Aldershot Town,,,21,19,1752,1,,0,0,1,0,0.05,,,0.05,,Matches
277,Regan Hutchinson\Regan-Hutchinson,,MF,Chesterfield,,,2,0,23,0,,0,0,0,0,0.00,,,0.00,,Matches
278,Remeao Hutton\Remeao-Hutton,eng ENG,DFFW,Yeovil Town,,,27,23,2087,1,,0,0,6,0,0.04,,,0.04,,Matches
279,Jake Hyde\Jake-Hyde,eng ENG,FWMF,Woking,29,1990,32,28,2447,16,,3,3,3,0,0.59,,,0.48,,Matches
280,Femi Ilesanmi\Femi-Ilesanmi,eng ENG,DFMF,Boreham Wood,28,1991,35,35,3012,0,,0,0,1,1,0.00,,,0.00,,Matches
281,Ben Jackson\Ben-Jackson,eng ENG,MFDF,Stockport,18,2001,24,10,1056,1,,0,0,3,0,0.09,,,0.09,,Matches
282,Shwan Jalal\Shwan-Jalal,iq IRQ,GK,Chesterfield,35,1983,29,29,2520,0,,0,0,1,0,0.00,,,0.00,,Matches
283,Lloyd James\Lloyd-James,wal WAL,MFDF,Torquay,31,1988,4,2,191,0,,0,0,0,0,0.00,,,0.00,,Matches
284,Luke James\Luke-James,eng ENG,FWMF,Hartlepool Utd,24,1994,19,13,1149,2,,0,0,0,0,0.16,,,0.16,,Matches
285,Kyle Jameson\Kyle-Jameson,eng ENG,DFMF,Fylde,20,1998,19,12,1217,0,,0,0,3,0,0.00,,,0.00,,Matches
286,Saikou Janneh\Saikou-Janneh,eng ENG,FWMF,Torquay,,,8,7,591,0,,0,0,0,1,0.00,,,0.00,,Matches
287,Aaron Jarvis\Aaron-Jarvis,eng ENG,FW,Sutton United,21,1998,25,16,1506,3,,0,0,1,0,0.18,,,0.18,,Matches
288,Daniel Jarvis\Daniel-Jarvis,eng ENG,FWMF,Wrexham,21,1998,6,6,410,1,,0,0,1,0,0.22,,,0.22,,Matches
289,Matt Jarvis\Matt-Jarvis,eng ENG,MF,Woking,33,1986,2,0,65,1,,0,0,0,0,1.38,,,1.38,,Matches
290,Anthony Jeffrey\Anthony-Jeffrey,gy GUY,MFFW,Dover Athletic,24,1994,14,3,526,0,,0,0,2,0,0.00,,,0.00,,Matches
291,James Jennings\James-Jennings,eng ENG,DF,Wrexham,31,1987,30,30,2658,4,,0,0,5,0,0.14,,,0.14,,Matches
292,Louis John\Louis-John,eng ENG,DFMF,Sutton United,25,1994,17,17,1530,0,,0,0,1,0,0.00,,,0.00,,Matches
293,Elliott Johnson\Elliott-Johnson,eng ENG,DFMF,Barnet,24,1994,19,17,1557,0,,0,0,1,0,0.00,,,0.00,,Matches
294,Réda Johnson\Reda-Johnson,bj BEN,DFMF,Eastleigh,31,1988,10,10,796,2,,0,0,2,0,0.23,,,0.23,,Matches
295,Sam Johnson\Sam-Johnson,eng ENG,GK,FC Halifax Town,26,1992,37,37,3330,0,,0,0,0,0,0.00,,,0.00,,Matches
296,Tyreke Johnson\Tyreke-Johnson,eng ENG,MFFW,Woking,20,1998,12,9,851,2,,0,0,1,0,0.21,,,0.21,,Matches
297,Dan Jones\Dan-Jones,eng ENG,DFFW,Barrow,24,1994,4,4,360,0,,0,0,1,0,0.00,,,0.00,,Matches
298,Sam Jones\Sam-Jones,eng ENG,FWMF,Solihull Moors,27,1991,3,0,74,0,,0,0,0,0,0.00,,,0.00,,Matches
299,Sam Jones\Sam-Jones,eng ENG,MFDF,Harrogate,27,1991,6,2,194,1,,0,0,1,0,0.46,,,0.46,,Matches
300,Elliot Justham\Elliot-Justham,eng ENG,GK,Dag & Red,29,1990,37,37,3330,0,,0,0,0,0,0.00,,,0.00,,Matches
301,Nicke Kabamba\Nicke-Kabamba,eng ENG,FW,Hartlepool Utd,26,1993,25,16,1519,5,,0,0,1,0,0.30,,,0.30,,Matches
302,Chike Kandi\Chike-Kandi,eng ENG,FWMF,Dag & Red,23,1995,23,15,1500,4,,0,0,1,0,0.24,,,0.24,,Matches
303,Antony Kay\Antony-Kay,eng ENG,FWDF,Chorley,36,1982,4,4,345,0,,0,0,1,0,0.00,,,0.00,,Matches
304,Josh Kay\Josh-Kay,eng ENG,MFDF,Barrow,22,1996,35,32,2707,6,,0,0,11,1,0.20,,,0.20,,Matches
305,Callum Kealy\Callum-Kealy,au AUS,MF,Sutton United,20,1998,3,1,70,0,,0,0,0,0,0.00,,,0.00,,Matches
306,Jordan Keane\Jordan-Keane,eng ENG,MFDF,Stockport,25,1993,35,34,3065,1,,0,0,4,0,0.03,,,0.03,,Matches
307,Dylan Kearney\Dylan-Kearney,eng ENG,MF,Sutton United,,,3,0,10,0,,0,0,0,0,0.00,,,0.00,,Matches
308,Ruairi Keating\Ruairi-Keating,ie IRL,DFMF,Torquay,24,1995,19,6,758,2,,0,0,1,0,0.24,,,0.24,,Matches
309,Aidan Keena\Aidan-Keena,ie IRL,FW,Hartlepool Utd,20,1999,8,4,364,2,,0,0,1,0,0.49,,,0.49,,Matches
310,Bradley Keetch\Bradley-Keetch,eng ENG,MF,Maidenhead Utd,,,3,0,20,0,,0,0,0,0,0.00,,,0.00,,Matches
311,Davis Keillor-Dunn\Davis-Keillor-Dunn,eng ENG,FWMF,Wrexham,21,1997,6,3,311,1,,0,0,0,0,0.29,,,0.29,,Matches
312,Josh Kelly\Josh-Kelly,eng ENG,MFFW,Maidenhead Utd,20,1998,29,22,1946,4,,0,0,5,1,0.18,,,0.18,,Matches
313,Dion Kelly-Evans\Dion-Kelly-Evans,eng ENG,MFDF,Notts County,22,1996,18,16,1460,0,,0,0,4,0,0.00,,,0.00,,Matches
314,Jason Kennedy\Jason-Kennedy,eng ENG,MF,Hartlepool Utd,32,1986,18,10,905,2,,0,0,2,0,0.20,,,0.20,,Matches
315,Kieran Kennedy\Kieran-Kennedy,eng ENG,MFDF,Wrexham,25,1993,16,15,1376,1,,0,0,2,0,0.07,,,0.07,,Matches
316,Fraser Kerr\Fraser-Kerr,sco SCO,DFMF,Hartlepool Utd,26,1993,23,22,2028,0,,0,0,2,0,0.00,,,0.00,,Matches
317,Lloyd Kerry\Lloyd-Kerry,eng ENG,MFDF,Harrogate,31,1988,16,15,1322,2,,0,0,3,0,0.14,,,0.14,,Matches
318,Brendan Kiernan\Brendan-Kiernan,eng ENG,MFDF,Harrogate,26,1992,33,25,2161,7,,0,0,4,0,0.29,,,0.29,,Matches
319,Ben Killip\Ben-Killip,eng ENG,GK,Hartlepool Utd,23,1995,33,33,2970,0,,0,0,3,0,0.00,,,0.00,,Matches
320,Cameron King\Cameron-King,sco SCO,MFDF,FC Halifax Town,23,1995,31,24,2011,7,,0,0,0,0,0.31,,,0.31,,Matches
321,Jack King\Jack-King,eng ENG,DFMF,Ebbsfleet Utd,33,1985,34,34,2876,1,,0,0,7,2,0.03,,,0.03,,Matches
322,Jeff King\Jeff-King,eng ENG,MFFW,FC Halifax Town,23,1995,32,21,1921,0,,0,0,12,0,0.00,,,0.00,,Matches
323,Lewis Kinsella\Lewis-Kinsella,eng ENG,DFMF,Aldershot Town,24,1994,34,34,3006,0,,0,0,5,0,0.00,,,0.00,,Matches
324,Peter Kioso\Peter-Kioso,cd COD,DF,Hartlepool Utd,,,28,27,2451,3,,0,0,4,0,0.11,,,0.11,,Matches
325,Jake Kirby\Jake-Kirby,eng ENG,MFFW,Stockport,25,1994,8,4,297,0,,0,0,0,0,0.00,,,0.00,,Matches
326,Mark Kitching\Mark-Kitching,eng ENG,DFMF,Hartlepool Utd,23,1995,38,35,3212,1,,0,0,2,0,0.03,,,0.03,,Matches
327,Alex Kiwomya\Alex-Kiwomya,eng ENG,MFFW,Chorley,23,1996,5,4,348,0,,0,0,1,0,0.00,,,0.00,,Matches
328,Joe Kizzi\Joe-Kizzi,eng ENG,DF,Bromley,26,1993,36,36,3226,4,,0,0,7,0,0.11,,,0.11,,Matches
329,Michael Klass\Michael-Klass,eng ENG,MFDF,Bromley,,,17,5,490,0,,0,0,2,0,0.00,,,0.00,,Matches
330,Matty Kosylo\Matty-Kosylo,eng ENG,FW,Fylde,26,1992,23,11,1105,0,,0,0,4,1,0.00,,,0.00,,Matches
331,Olaf Koszela\Olaf-Koszela,pl POL,MF,Torquay,,,2,0,12,0,,0,0,0,0,0.00,,,0.00,,Matches
332,Jean-Yves Koue Niate\Jean-Yves-Koue-Niate,fr FRA,DFMF,Aldershot Town,26,1993,8,8,720,0,,0,0,1,0,0.00,,,0.00,,Matches
333,Jean-Yves Koue Niate\Jean-Yves-Koue-Niate,fr FRA,MFDF,Torquay,26,1993,15,13,1138,1,,0,0,8,1,0.08,,,0.08,,Matches
334,Maxim Kouogun\Maxim-Kouogun,ie IRL,DF,Harrogate,22,1997,1,1,90,0,,0,0,0,0,0.00,,,0.00,,Matches
335,Leon Kreković\Leon-Krekovic,eng ENG,FW,Notts County,19,2000,2,2,173,0,,0,0,1,0,0.00,,,0.00,,Matches
336,Max Kretzschmar\Max-Kretzschmar,eng ENG,MFDF,Woking,25,1993,24,13,1288,2,,1,1,4,0,0.14,,,0.07,,Matches
337,Nassim L'Ghoul\Nassim-LGhoul,fr FRA,MFDF,Dover Athletic,22,1997,28,11,1220,3,,0,0,3,0,0.22,,,0.22,,Matches
338,Alex Lacey\Alex-Lacey,eng ENG,MFFW,Notts County,26,1993,11,11,990,0,,0,0,0,0,0.00,,,0.00,,Matches
339,Rob Lainton\Rob-Lainton,eng ENG,GK,Wrexham,29,1989,21,21,1890,0,,0,0,3,0,0.00,,,0.00,,Matches
340,Henry Landers\Henry-Landers,eng ENG,MF,Maidenhead Utd,,,2,0,12,0,,0,0,0,0,0.00,,,0.00,,Matches
341,Dan Lavercombe\Dan-Lavercombe,eng ENG,GK,Fylde,23,1996,5,5,450,0,,0,0,0,0,0.00,,,0.00,,Matches
342,Alex Lawless\Alex-Lawless,wal WAL,MFDF,Ebbsfleet Utd,34,1985,11,6,489,0,,0,0,3,0,0.00,,,0.00,,Matches
343,Jake Lawlor\Jake-Lawlor,eng ENG,DFMF,Wrexham,28,1991,31,31,2726,1,,0,0,1,2,0.03,,,0.03,,Matches
344,Scott Leather\Scott-Leather,eng ENG,MFDF,Chorley,26,1992,10,10,780,0,,0,0,4,0,0.00,,,0.00,,Matches
345,Charlie Lee\Charlie-Lee,eng ENG,MFFW,Yeovil Town,32,1987,32,30,2576,2,,0,0,9,0,0.07,,,0.07,,Matches
346,Joe Leesley\Joe-Leesley,eng ENG,FWMF,Harrogate,25,1994,6,5,430,1,,0,0,1,0,0.21,,,0.21,,Matches
347,Joe Leesley\Joe-Leesley,eng ENG,FWDF,Stockport,25,1994,10,8,679,0,,0,0,3,0,0.00,,,0.00,,Matches
348,Connor Lemonheigh-Evans\Connor-Lemonheigh-Evans,wal WAL,FWMF,Torquay,22,1997,22,20,1797,1,,0,0,3,0,0.05,,,0.05,,Matches
349,Jared Lewington\Jared-Lewington,eng ENG,FW,Torquay,,,8,1,227,0,,0,0,1,0,0.00,,,0.00,,Matches
350,Joe Lewis\Joe-Lewis,wal WAL,DFMF,Torquay,19,1999,25,16,1404,0,,0,0,6,0,0.00,,,0.00,,Matches
351,Gary Liddle\Gary-Liddle,eng ENG,DFMF,Hartlepool Utd,33,1986,15,15,1350,0,,0,0,0,0,0.00,,,0.00,,Matches
352,Josh Lillis\Josh-Lillis,eng ENG,GK,Fylde,32,1987,3,3,270,0,,0,0,0,0,0.00,,,0.00,,Matches
353,Armani Little\Armani-Little,eng ENG,DFMF,Torquay,22,1997,17,12,1098,3,,0,0,1,0,0.25,,,0.25,,Matches
354,Danny Lloyd\Danny-Lloyd,eng ENG,FW,Stockport,27,1991,8,8,669,1,,0,0,2,0,0.13,,,0.13,,Matches
355,Scott Loach\Scott-Loach,eng ENG,GK,Barnet,31,1988,35,35,3150,0,,0,0,1,0,0.00,,,0.00,,Matches
356,Kevin Lokko\Kevin-Lokko,eng ENG,MFDF,Dover Athletic,23,1995,27,27,2282,3,,0,0,4,0,0.12,,,0.12,,Matches
357,Adam Long\Adam-Long,eng ENG,GKFW,Notts County,18,2000,4,3,247,1,,0,0,0,0,0.36,,,0.36,,Matches
358,Jackson Longridge\Jackson-Longridge,sco SCO,MFDF,Torquay,24,1995,6,6,478,0,,0,0,0,0,0.00,,,0.00,,Matches
359,Jamar Loza\Jamar-Loza,jm JAM,FWMF,Woking,25,1994,24,22,1978,2,,0,0,5,2,0.09,,,0.09,,Matches
360,Lucas\Lucas,br BRA,GK,Torquay,28,1991,25,25,2250,0,,0,0,0,0,0.00,,,0.00,,Matches
361,Kalvin Lumbombo Kalala\Kalvin-Lumbombo-Kalala,fr FRA,MFFW,Torquay,21,1998,32,18,1687,3,,0,0,3,0,0.16,,,0.16,,Matches
362,Joan Luque\Joan-Luque,es ESP,MFFW,Dag & Red,27,1992,28,23,1835,3,,0,0,2,0,0.15,,,0.15,,Matches
363,Kodi Lyons-Foster\Kodi-Lyons-Foster,eng ENG,DFMF,Aldershot Town,22,1996,31,25,2365,2,,0,0,6,1,0.08,,,0.08,,Matches
364,Josh MacDonald\Josh-MacDonald,eng ENG,MFFW,FC Halifax Town,24,1995,9,4,314,0,,0,0,0,0,0.00,,,0.00,,Matches
365,Shaun MacDonald\Shaun-MacDonald,eng ENG,GK,Torquay,22,1996,11,11,990,0,,0,0,0,0,0.00,,,0.00,,Matches
366,Gus Mafuta\Gus-Mafuta,eng ENG,DFMF,Hartlepool Utd,24,1995,33,29,2551,4,,0,0,3,0,0.14,,,0.14,,Matches
367,Laurence Maguire\Laurence-Maguire,eng ENG,MFDF,Chesterfield,22,1997,15,14,1196,0,,0,0,3,1,0.00,,,0.00,,Matches
368,Niall Maher\Niall-Maher,eng ENG,FWMF,FC Halifax Town,24,1995,23,19,1725,2,,0,0,1,0,0.10,,,0.10,,Matches
369,Udoka Malife\Udoka-Malife,eng ENG,DFMF,Eastleigh,,,4,4,251,0,,0,0,0,0,0.00,,,0.00,,Matches
370,Liam Mandeville\Liam-Mandeville,eng ENG,MFFW,Chesterfield,22,1997,31,18,1817,4,,0,0,4,0,0.20,,,0.20,,Matches
371,Tyrone Marsh\Tyrone-Marsh,eng ENG,FWMF,Boreham Wood,25,1993,36,32,2827,14,,1,1,4,0,0.45,,,0.41,,Matches
372,Ephron Mason-Clark\Ephron-Mason-Clark,eng ENG,FWMF,Barnet,19,1999,26,13,1440,4,,0,0,1,0,0.25,,,0.25,,Matches
373,Ntumba Massanka\Ntumba-Massanka,eng ENG,FW,Chorley,22,1996,24,10,1044,3,,0,0,4,0,0.26,,,0.26,,Matches
374,Alan Massey\Alan-Massey,eng ENG,FWDF,Maidenhead Utd,30,1989,35,35,3150,0,,0,0,5,0,0.00,,,0.00,,Matches
375,Daniel Matsuzaka\Daniel-Matsuzaka,jp JPN,FWDF,Sutton United,21,1997,9,5,435,0,,0,0,1,0,0.00,,,0.00,,Matches
376,Luke Maxwell\Luke-Maxwell,eng ENG,MF,Solihull Moors,22,1997,2,0,14,0,,0,0,0,0,0.00,,,0.00,,Matches
377,Adam May\Adam-May,eng ENG,MF,Boreham Wood,21,1997,2,1,124,1,,0,0,0,0,0.73,,,0.73,,Matches
378,Lois Maynard\Lois-Maynard,kn SKN,MF,Stockport,30,1989,1,1,90,0,,0,0,0,0,0.00,,,0.00,,Matches
379,Ashley Maynard-Brewer\Ashley-Maynard-Brewer,au AUS,GK,Dover Athletic,20,1999,4,4,360,0,,0,0,1,0,0.00,,,0.00,,Matches
380,Liam McAlinden\Liam-McAlinden,ie IRL,MFFW,Stockport,25,1993,9,5,491,2,,0,0,1,0,0.37,,,0.37,,Matches
381,Liam McAlinden\Liam-McAlinden,ie IRL,FWMF,FC Halifax Town,25,1993,27,20,1746,10,,2,2,0,0,0.52,,,0.41,,Matches
382,Paul McCallum\Paul-McCallum,eng ENG,DFMF,Solihull Moors,26,1993,21,19,1600,9,,3,3,4,0,0.51,,,0.34,,Matches
383,Paul McCallum\Paul-McCallum,eng ENG,FWMF,Barnet,26,1993,5,4,384,4,,0,0,0,0,0.94,,,0.94,,Matches
384,Shawn McCoulsky\Shawn-McCoulsky,eng ENG,FW,Bromley,22,1997,4,0,97,1,,0,0,0,0,0.93,,,0.93,,Matches
385,Shawn McCoulsky\Shawn-McCoulsky,eng ENG,MF,FC Halifax Town,22,1997,5,1,89,1,,0,0,0,0,1.01,,,1.01,,Matches
386,Ollie McCoy\Ollie-McCoy,eng ENG,DF,Yeovil Town,,,5,0,39,0,,0,0,0,0,0.00,,,0.00,,Matches
387,Damien McCrory\Damien-McCrory,ie IRL,DF,Notts County,29,1990,25,25,2249,1,,0,0,3,1,0.04,,,0.04,,Matches
388,Adam McDonnell\Adam-McDonnell,ie IRL,DFMF,Boreham Wood,22,1997,17,14,1167,2,,0,0,1,0,0.15,,,0.15,,Matches
389,Joe McDonnell\Joe-McDonnell,eng ENG,GKMF,Notts County,25,1994,6,6,540,0,,0,0,0,0,0.00,,,0.00,,Matches
390,Jermaine McGlashan\Jermaine-McGlashan,eng ENG,MFDF,Chesterfield,31,1988,14,6,578,0,,0,0,2,0,0.00,,,0.00,,Matches
391,Jermaine McGlashan\Jermaine-McGlashan,eng ENG,FWMF,Ebbsfleet Utd,31,1988,10,8,739,0,,0,0,4,0,0.00,,,0.00,,Matches
392,Leighton McIntosh\Leighton-McIntosh,sco SCO,FW,Wrexham,26,1993,8,1,204,1,,0,0,0,0,0.44,,,0.44,,Matches
393,Jack McKay\Jack-McKay,sco SCO,MFFW,Chesterfield,22,1996,14,5,504,2,,0,0,1,0,0.36,,,0.36,,Matches
394,Jack McKnight\Jack-McKnight,eng ENG,MFDF,Eastleigh,22,1997,17,10,865,1,,0,0,2,0,0.10,,,0.10,,Matches
395,Alexander McQueen\Alexander-McQueen,gd GRN,MFDF,Dag & Red,24,1995,23,18,1590,1,,0,0,0,0,0.06,,,0.06,,Matches
396,Ramarni Medford-Smith\Ramarni-Medford-Smith,eng ENG,MFDF,Torquay,20,1998,4,4,347,0,,0,0,0,0,0.00,,,0.00,,Matches
397,Ibrahim Meité\Ibrahim-Meite,eng ENG,FW,Woking,23,1996,15,5,565,4,,0,0,3,0,0.64,,,0.64,,Matches
398,Adam Mekki\Adam-Mekki,eng ENG,MFFW,Bromley,27,1991,18,10,728,1,,0,0,2,0,0.12,,,0.12,,Matches
399,Adam Mekki\Adam-Mekki,eng ENG,FWMF,Ebbsfleet Utd,27,1991,8,7,661,0,,0,0,2,0,0.00,,,0.00,,Matches
400,Bernard Mensah\Bernard-Mensah,gh GHA,MFFW,Maidenhead Utd,24,1994,25,8,869,1,,0,0,3,0,0.10,,,0.10,,Matches
401,Courtney Meppen-Walter\Courtney-Meppen-Walter,eng ENG,DFMF,Chorley,24,1994,35,35,3005,2,,0,0,3,0,0.06,,,0.06,,Matches
402,Yusuf Mersin\Yusuf-Mersin,tr TUR,GK,Dover Athletic,24,1994,10,10,900,0,,0,0,1,0,0.00,,,0.00,,Matches
403,Cavanagh Miley\Cavanagh-Miley,eng ENG,MF,Eastleigh,24,1995,35,33,2874,1,,0,0,7,0,0.03,,,0.03,,Matches
404,Reece Miller\Reece-Miller,,,Aldershot Town,,,1,0,22,0,,0,0,0,0,0.00,,,0.00,,Matches
405,Tom Miller\Tom-Miller,eng ENG,DF,Fylde,29,1990,3,1,162,0,,0,0,1,0,0.00,,,0.00,,Matches
406,Robert Milsom\Robert-Milsom,eng ENG,FWDF,Sutton United,32,1987,28,24,2272,2,,0,0,2,0,0.08,,,0.08,,Matches
407,Piero Mingoia\Piero-Mingoia,eng ENG,MFDF,Boreham Wood,27,1991,22,16,1371,1,,0,0,0,0,0.07,,,0.07,,Matches
408,Sam Minihan\Sam-Minihan,eng ENG,DF,Stockport,25,1994,35,31,2793,1,,0,0,3,0,0.03,,,0.03,,Matches
409,Ricky Modeste\Ricky-Modeste,gd GRN,FWMF,Dover Athletic,31,1988,28,20,1786,5,,0,0,6,0,0.25,,,0.25,,Matches
410,Luke Molyneux\Luke-Molyneux,eng ENG,MFFW,Hartlepool Utd,21,1998,10,6,504,1,,0,0,1,0,0.18,,,0.18,,Matches
411,James Montgomery\James-Montgomery,eng ENG,GK,Fylde,25,1994,13,13,1170,0,,0,0,0,0,0.00,,,0.00,,Matches
412,Lewis Montrose\Lewis-Montrose,eng ENG,MFDF,Fylde,30,1988,13,9,810,1,,0,0,4,0,0.11,,,0.11,,Matches
413,Albie Morgan\Albie-Morgan,eng ENG,FWMF,Ebbsfleet Utd,,,5,5,450,1,,0,0,0,0,0.20,,,0.20,,Matches
414,Niko Muir\Niko-Muir,eng ENG,FW,Hartlepool Utd,26,1993,9,3,340,1,,0,0,0,0,0.26,,,0.26,,Matches
415,Jack Muldoon\Jack-Muldoon,eng ENG,FWMF,Harrogate,30,1989,37,36,3106,13,,3,3,1,0,0.38,,,0.29,,Matches
416,Shamir Mullings\Shamir-Mullings,eng ENG,FWMF,Aldershot Town,25,1993,23,16,1463,1,,0,0,4,0,0.06,,,0.06,,Matches
417,Jaydn Mundle-Smith\Jaydn-Mundle-Smith,eng ENG,FWDF,Maidenhead Utd,19,1999,5,4,369,1,,0,0,1,0,0.24,,,0.24,,Matches
418,Jack Munns\Jack-Munns,eng ENG,MFDF,Dover Athletic,25,1993,29,27,2161,0,,0,0,4,0,0.00,,,0.00,,Matches
419,Rhys Murphy\Rhys-Murphy,eng ENG,FWMF,Yeovil Town,28,1990,30,28,2262,17,,2,2,6,1,0.68,,,0.60,,Matches
420,Keiran Murtagh\Keiran-Murtagh,ag ATG,DFMF,Boreham Wood,30,1988,31,31,2780,1,,0,0,5,0,0.03,,,0.03,,Matches
421,Bondz N'Gala\Bondz-NGala,eng ENG,DF,Ebbsfleet Utd,29,1989,4,3,230,0,,0,0,0,0,0.00,,,0.00,,Matches
422,Elton N'Gwatala\Elton-NGwatala,fr FRA,MF,Fylde,26,1993,3,0,44,0,,0,0,0,0,0.00,,,0.00,,Matches
423,Seth Nana Twumasi\Seth-Nana-Twumasi,eng ENG,DFMF,Maidenhead Utd,29,1990,31,30,2682,0,,0,0,8,0,0.00,,,0.00,,Matches
424,Stuart Nelson\Stuart-Nelson,eng ENG,GK,Yeovil Town,37,1981,23,22,2048,0,,0,0,2,0,0.00,,,0.00,,Matches
425,Aaron Nemane\Aaron-Nemane,eng ENG,FWMF,Torquay,21,1997,9,6,468,0,,0,0,0,0,0.00,,,0.00,,Matches
426,Gevaro Nepomuceno\Gevaro-Nepomuceno,cw CUW,FWDF,Chesterfield,26,1992,15,15,1297,1,,0,0,2,0,0.07,,,0.07,,Matches
427,Josh Neufville\Josh-Neufville,eng ENG,FWMF,Woking,19,2000,8,3,363,0,,0,0,0,0,0.00,,,0.00,,Matches
428,Josh Neufville\Josh-Neufville,eng ENG,MF,Solihull Moors,19,2000,10,0,75,0,,0,0,0,0,0.00,,,0.00,,Matches
429,Alex Newby\Alex-Newby,eng ENG,MFFW,Chorley,23,1995,37,31,2772,6,,1,1,2,0,0.19,,,0.16,,Matches
430,Elliot Newby\Elliot-Newby,eng ENG,MFDF,Chorley,23,1995,28,16,1531,1,,0,0,2,0,0.06,,,0.06,,Matches
431,Alex Nicholls\Alex-Nicholls,eng ENG,FW,Solihull Moors,31,1987,5,2,186,1,,0,0,0,0,0.48,,,0.48,,Matches
432,Liam Noble\Liam-Noble,eng ENG,MF,Hartlepool Utd,28,1991,12,10,862,3,,2,2,3,0,0.31,,,0.10,,Matches
433,Liam Nolan\Liam-Nolan,nir NIR,DFMF,FC Halifax Town,24,1994,27,21,1873,2,,0,0,2,0,0.10,,,0.10,,Matches
434,Nortei Nortey\Nortei-Nortey,eng ENG,MFDF,Chorley,24,1994,24,19,1707,0,,0,0,2,0,0.00,,,0.00,,Matches
435,Oliver O''Dwyer\Oliver-ODwyer,eng ENG,DF,Aldershot Town,,,2,1,100,0,,0,0,0,0,0.00,,,0.00,,Matches
436,Jim O'Brien\Jim-OBrien,ie IRL,DFMF,Notts County,31,1987,17,12,1185,1,,0,0,2,0,0.08,,,0.08,,Matches
437,Liam O'Brien\Liam-OBrien,eng ENG,GK,Yeovil Town,27,1991,6,6,472,0,,0,0,0,0,0.00,,,0.00,,Matches
438,Josh O'Keefe\Josh-OKeefe,ie IRL,DFMF,Chorley,30,1988,28,16,1507,0,,0,0,7,1,0.00,,,0.00,,Matches
439,Ayo Obileye\Ayo-Obileye,eng ENG,DFMF,Ebbsfleet Utd,24,1994,27,22,1943,3,,0,0,2,0,0.14,,,0.14,,Matches
440,Harold Odametey\Harold-Odametey,eng ENG,MFDF,Dag & Red,26,1993,6,3,317,0,,0,0,0,0,0.00,,,0.00,,Matches
441,Sanmi Odelusi\Sanmi-Odelusi,eng ENG,FW,FC Halifax Town,26,1993,2,0,26,0,,0,0,1,0,0.00,,,0.00,,Matches
442,Oluwarotimi Odusina\Oluwarotimi-Odusina,eng ENG,MFDF,Hartlepool Utd,19,1999,8,8,720,0,,0,0,1,0,0.00,,,0.00,,Matches
443,Shadrach Ogie\Shadrach-Ogie,ie IRL,DFMF,Dover Athletic,,,8,7,642,1,,0,0,2,0,0.14,,,0.14,,Matches
444,Daniel Ojo\Daniel-Ojo,it ITA,DF,Yeovil Town,18,2001,1,0,,0,,0,0,0,0,,,,,,Matches
445,Marc-Anthony Okoye\Marc-Anthony-Okoye,eng ENG,MF,Bromley,,,12,9,878,0,,0,0,0,0,0.00,,,0.00,,Matches
446,Isaac Olaofe\Isaac-Olaofe,,FW,Sutton United,,,5,4,354,1,,0,0,0,0,0.25,,,0.25,,Matches
447,Gold Omotayo\Gold-Omotayo,ch SUI,MFDF,Yeovil Town,25,1994,14,10,898,2,,0,0,2,1,0.20,,,0.20,,Matches
448,Manny Onariase\Manny-Onariase,ng NGA,DF,Dag & Red,22,1996,28,27,2434,2,,0,0,2,0,0.07,,,0.07,,Matches
449,Ian Ormson\Ian-Ormson,eng ENG,GK,Stockport,25,1994,1,1,90,0,,0,0,0,0,0.00,,,0.00,,Matches
450,Elliot Osborne\Elliot-Osborne,eng ENG,MFFW,Stockport,23,1996,38,31,2807,9,,0,0,1,0,0.29,,,0.29,,Matches
451,Jamey Osborne\Jamey-Osborne,eng ENG,MFDF,Solihull Moors,27,1992,25,24,1905,7,,0,0,3,0,0.33,,,0.33,,Matches
452,Sam Osborne\Sam-Osborne,eng ENG,FWMF,Notts County,20,1999,12,8,653,2,,0,0,0,0,0.28,,,0.28,,Matches
453,Gabriel Osho\Gabriel-Osho,eng ENG,DFFW,Yeovil Town,20,1998,6,5,424,0,,0,0,1,0,0.00,,,0.00,,Matches
454,Jason Oswell\Jason-Oswell,eng ENG,FWMF,Wrexham,26,1992,20,9,855,2,,0,0,4,0,0.21,,,0.21,,Matches
455,Christian Oxlade-Chamberlain\Christian-Oxlade-Chamberlain,eng ENG,DF,Notts County,21,1998,1,1,90,0,,0,0,0,0,0.00,,,0.00,,Matches
456,Ash Palmer\Ash-Palmer,eng ENG,DF,Stockport,26,1992,37,37,3330,5,,0,0,3,0,0.14,,,0.14,,Matches
457,Harry Palmer\Harry-Palmer,eng ENG,GK,Ebbsfleet Utd,24,1995,6,6,540,0,,0,0,1,0,0.00,,,0.00,,Matches
458,Harry Panayiotou\Harry-Panayiotou,kn SKN,FWMF,Aldershot Town,24,1994,29,18,1721,4,,0,0,1,0,0.21,,,0.21,,Matches
459,Manny Parry\Manny-Parry,eng ENG,DFMF,Woking,25,1994,19,17,1503,1,,0,0,0,0,0.06,,,0.06,,Matches
460,Joe Partington\Joe-Partington,wal WAL,DF,Eastleigh,29,1990,35,35,3098,0,,0,0,6,1,0.00,,,0.00,,Matches
461,Josh Passley\Josh-Passley,eng ENG,DF,Dover Athletic,24,1994,29,29,2582,0,,0,0,6,0,0.00,,,0.00,,Matches
462,Omari Patrick\Omari-Patrick,eng ENG,FWMF,Wrexham,23,1996,10,7,663,5,,0,0,0,0,0.68,,,0.68,,Matches
463,Alfie Pavey\Alfie-Pavey,eng ENG,FWMF,Barnet,23,1995,8,4,468,0,,0,0,1,0,0.00,,,0.00,,Matches
464,Alfie Pavey\Alfie-Pavey,eng ENG,MFFW,Dover Athletic,23,1995,10,6,565,3,,0,0,2,0,0.48,,,0.48,,Matches
465,Jack Payne\Jack-Payne,eng ENG,MFDF,Eastleigh,27,1991,37,37,3307,1,,0,0,4,0,0.03,,,0.03,,Matches
466,Josh Payne\Josh-Payne,eng ENG,MFFW,Ebbsfleet Utd,28,1990,22,22,1919,1,,0,0,6,1,0.05,,,0.05,,Matches
467,Shaun Pearson\Shaun-Pearson,eng ENG,DFMF,Wrexham,30,1989,31,31,2763,0,,0,0,9,0,0.00,,,0.00,,Matches
468,Morgan Penfold\Morgan-Penfold,eng ENG,FW,Barrow,20,1998,3,0,26,0,,0,0,0,0,0.00,,,0.00,,Matches
469,Danny Philliskirk\Danny-Philliskirk,eng ENG,MFDF,Fylde,28,1991,31,26,2307,2,,0,0,3,0,0.08,,,0.08,,Matches
470,Harry Phipps\Harry-Phipps,eng ENG,MFDF,Dag & Red,20,1998,9,6,525,0,,0,0,1,0,0.00,,,0.00,,Matches
471,Joe Piggott\Joe-Piggott,sco SCO,MF,Stockport,21,1998,2,1,117,1,,0,0,0,0,0.77,,,0.77,,Matches
472,Matthew Platt\Matthew-Platt,eng ENG,DFMF,Barrow,21,1997,29,29,2579,0,,0,0,3,0,0.00,,,0.00,,Matches
473,Godfrey Poku\Godfrey-Poku,eng ENG,MFDF,Woking,29,1990,26,18,1541,0,,0,0,11,1,0.00,,,0.00,,Matches
474,Dominic Poleon\Dominic-Poleon,eng ENG,FW,Dover Athletic,25,1993,6,3,294,1,,0,0,0,0,0.31,,,0.31,,Matches
475,Jordan Ponticelli\Jordan-Ponticelli,eng ENG,FWDF,Wrexham,20,1998,5,4,363,2,,0,0,0,0,0.50,,,0.50,,Matches
476,George Porter\George-Porter,eng ENG,MF,Bromley,27,1992,5,4,320,0,,0,0,2,0,0.00,,,0.00,,Matches
477,Jack Powell\Jack-Powell,eng ENG,FWMF,Aldershot Town,25,1994,20,20,1776,3,,0,0,2,0,0.15,,,0.15,,Matches
478,Jamie Proctor\Jamie-Proctor,eng ENG,FWMF,Fylde,27,1992,8,7,587,1,,0,0,2,0,0.15,,,0.15,,Matches
479,Joe Quigley\Joe-Quigley,ie IRL,FW,Dag & Red,22,1996,30,21,1924,5,,0,0,0,0,0.23,,,0.23,,Matches
480,Scott Quigley\Scott-Quigley,eng ENG,FWDF,Barrow,26,1992,35,34,2825,20,,0,0,3,1,0.64,,,0.64,,Matches
481,Dean Rance\Dean-Rance,eng ENG,MFDF,Aldershot Town,28,1991,31,28,2575,2,,0,0,3,0,0.07,,,0.07,,Matches
482,Will Randall\Will-Randall,eng ENG,MFDF,Sutton United,22,1997,23,17,1459,2,,0,0,1,0,0.12,,,0.12,,Matches
483,Roberto Ratti\Roberto-Ratti,it ITA,FW,Dover Athletic,,,3,0,48,0,,0,0,0,0,0.00,,,0.00,,Matches
484,Connell Rawlinson\Connell-Rawlinson,wal WAL,DFMF,Notts County,27,1991,34,31,2801,1,,0,0,1,1,0.03,,,0.03,,Matches
485,Frankie Raymond\Frankie-Raymond,eng ENG,DFMF,Bromley,26,1992,35,30,2654,5,,3,3,8,0,0.17,,,0.07,,Matches
486,Michael Raynes\Michael-Raynes,eng ENG,MFDF,Hartlepool Utd,31,1987,28,28,2365,0,,0,0,3,0,0.00,,,0.00,,Matches
487,Glen Rea\Glen-Rea,ie IRL,FWMF,Woking,24,1994,7,7,598,0,,0,0,2,0,0.00,,,0.00,,Matches
488,Jai Reason\Jai-Reason,eng ENG,MF,Dover Athletic,29,1990,30,26,2124,0,,0,0,6,0,0.00,,,0.00,,Matches
489,Jamie Reckord\Jamie-Reckord,eng ENG,DFMF,Solihull Moors,27,1992,32,27,2381,2,,0,0,2,0,0.08,,,0.08,,Matches
490,Devonte Redmond\Devonte-Redmond,eng ENG,MFDF,Wrexham,22,1996,20,15,1152,2,,0,0,1,0,0.16,,,0.16,,Matches
491,Jack Redshaw\Jack-Redshaw,eng ENG,FWMF,FC Halifax Town,28,1990,14,9,793,3,,1,1,0,0,0.34,,,0.23,,Matches
492,Josh Rees\Josh-Rees,eng ENG,FWMF,Bromley,25,1993,30,23,2067,4,,0,0,1,0,0.17,,,0.17,,Matches
493,Alex Reid\Alex-Reid,eng ENG,FW,Dag & Red,,,6,5,399,3,,0,0,0,0,0.68,,,0.68,,Matches
494,Alex Reid\Alex-Reid,eng ENG,FWMF,Ebbsfleet Utd,,,21,18,1529,5,,0,0,1,0,0.29,,,0.29,,Matches
495,Jamie Reid\Jamie-Reid,nir NIR,FWMF,Torquay,25,1994,32,32,2803,18,,5,5,3,0,0.58,,,0.42,,Matches
496,Kyel Reid\Kyel-Reid,eng ENG,FWMF,Sutton United,31,1987,21,14,1233,0,,0,0,1,0,0.00,,,0.00,,Matches
497,Tyler Reid\Tyler-Reid,eng ENG,FWMF,Wrexham,21,1997,6,4,272,0,,0,0,1,0,0.00,,,0.00,,Matches
498,Scott Rendell\Scott-Rendell,eng ENG,FWMF,Eastleigh,32,1986,33,15,1522,6,,2,2,1,0,0.35,,,0.24,,Matches
499,Callum Reynolds\Callum-Reynolds,eng ENG,DFMF,Barnet,29,1989,30,30,2655,2,,0,0,2,0,0.07,,,0.07,,Matches
500,Matt Rhead\Matt-Rhead,eng ENG,FW,Boreham Wood,35,1984,5,3,326,0,,0,0,0,0,0.00,,,0.00,,Matches
501,Marc Richards\Marc-Richards,eng ENG,FW,Yeovil Town,37,1982,7,4,371,2,,0,0,1,0,0.49,,,0.49,,Matches
502,Kenton Richardson\Kenton-Richardson,eng ENG,DFMF,Hartlepool Utd,20,1999,10,9,749,0,,0,0,3,0,0.00,,,0.00,,Matches
503,Mark Ricketts\Mark-Ricketts,eng ENG,MFDF,Boreham Wood,34,1984,32,29,2603,0,,0,0,6,1,0.00,,,0.00,,Matches
504,Steven Rigg\Steven-Rigg,eng ENG,FWMF,Dover Athletic,27,1992,30,22,1977,1,,0,0,4,0,0.05,,,0.05,,Matches
505,Cal Roberts\Cal-Roberts,eng ENG,FWDF,Notts County,22,1997,8,7,581,3,,0,0,0,0,0.46,,,0.46,,Matches
506,Matt Robinson\Matt-Robinson,eng ENG,DFMF,Dag & Red,25,1994,33,32,2820,0,,0,0,5,0,0.00,,,0.00,,Matches
507,Devante Rodney\Devante-Rodney,eng ENG,FWMF,Stockport,21,1998,12,9,820,3,,0,0,1,0,0.33,,,0.33,,Matches
508,Devante Rodney\Devante-Rodney,eng ENG,FWDF,FC Halifax Town,21,1998,8,8,674,4,,1,1,1,0,0.53,,,0.40,,Matches
509,Gabriel Rogers\Gabriel-Rogers,eng ENG,MF,Yeovil Town,19,2000,3,1,88,0,,0,0,0,0,0.00,,,0.00,,Matches
510,John Rooney\John-Rooney,eng ENG,MFDF,Barrow,28,1990,37,37,3211,17,,4,4,6,1,0.48,,,0.36,,Matches
511,Paul Rooney\Paul-Rooney,ie IRL,MFDF,Dover Athletic,22,1997,18,10,1038,1,,0,0,2,0,0.09,,,0.09,,Matches
512,Mitch Rose\Mitch-Rose,eng ENG,DFMF,Notts County,25,1994,36,36,3175,3,,2,2,8,0,0.09,,,0.03,,Matches
513,Craig Ross\Craig-Ross,eng ENG,GK,Woking,29,1990,36,36,3240,0,,0,0,1,0,0.00,,,0.00,,Matches
514,Mark Ross\Mark-Ross,eng ENG,MFDF,Chorley,29,1990,26,21,2010,0,,0,0,0,0,0.00,,,0.00,,Matches
515,Charlie Rowan\Charlie-Rowan,eng ENG,MFDF,Barnet,21,1997,3,2,95,0,,0,0,1,0,0.00,,,0.00,,Matches
516,Aaron Rowe\Aaron-Rowe,eng ENG,FW,Bromley,18,2000,2,0,66,0,,0,0,0,0,0.00,,,0.00,,Matches
517,Coby Rowe\Coby-Rowe,eng ENG,MF,Sutton United,,,3,3,270,0,,0,0,1,0,0.00,,,0.00,,Matches
518,Danny Rowe\Danny-Rowe,eng ENG,MFFW,Fylde,29,1990,28,28,2432,6,,2,2,2,0,0.22,,,0.15,,Matches
519,James Rowe\James-Rowe,eng ENG,MFDF,Aldershot Town,27,1991,16,13,1132,0,,0,0,4,1,0.00,,,0.00,,Matches
520,Joe Rowley\Joe-Rowley,eng ENG,MFDF,Chesterfield,20,1999,23,18,1745,1,,0,0,1,0,0.05,,,0.05,,Matches
521,Paul Rutherford\Paul-Rutherford,eng ENG,MFDF,Wrexham,32,1987,33,19,1874,2,,0,0,3,0,0.10,,,0.10,,Matches
522,Alefe Santos\Alefe-Santos,br BRA,DFMF,Aldershot Town,24,1995,26,15,1314,2,,0,0,1,0,0.14,,,0.14,,Matches
523,Ricardo Santos\Ricardo-Santos,pt POR,MFDF,Barnet,24,1995,21,20,1793,1,,0,0,1,0,0.05,,,0.05,,Matches
524,Jake Scrimshaw\Jake-Scrimshaw,eng ENG,FW,Eastleigh,18,2000,9,3,336,0,,0,0,0,0,0.00,,,0.00,,Matches
525,Ryan Seager\Ryan-Seager,eng ENG,FW,Yeovil Town,23,1996,1,0,34,0,,0,0,0,0,0.00,,,0.00,,Matches
526,Charlie Seaman\Charlie-Seaman,eng ENG,DFMF,Eastleigh,19,1999,18,13,1134,0,,0,0,1,0,0.00,,,0.00,,Matches
527,Ibra Sekajja\Ibra-Sekajja,eng ENG,FW,Maidenhead Utd,26,1992,4,1,83,1,,1,1,0,0,1.08,,,0.00,,Matches
528,Justin Shaibu\Justin-Shaibu,dk DEN,MFFW,Boreham Wood,21,1997,30,10,1091,5,,0,0,0,0,0.41,,,0.41,,Matches
529,Ricky Shakes\Ricky-Shakes,gy GUY,MF,Boreham Wood,34,1985,19,2,449,0,,0,0,0,0,0.00,,,0.00,,Matches
530,Nestor Shako\Nestor-Shako,eng ENG,MF,Yeovil Town,18,2000,1,0,9,0,,0,0,0,0,0.00,,,0.00,,Matches
531,Jamie Sharman\Jamie-Sharman,eng ENG,DF,Chesterfield,,,3,2,190,0,,0,0,0,0,0.00,,,0.00,,Matches
532,Liam Shaw\Liam-Shaw,eng ENG,MF,Chesterfield,18,2001,4,3,230,0,,0,0,1,0,0.00,,,0.00,,Matches
533,Ryheem Sheckleford\Ryheem-Sheckleford,eng ENG,MFDF,Maidenhead Utd,22,1997,27,23,2040,0,,0,0,1,0,0.00,,,0.00,,Matches
534,Mark Shelton\Mark-Shelton,eng ENG,MF,Woking,22,1996,3,3,247,1,,0,0,1,0,0.36,,,0.36,,Matches
535,Mark Shelton\Mark-Shelton,eng ENG,MFDF,Hartlepool Utd,22,1996,14,13,1146,3,,0,0,1,0,0.24,,,0.24,,Matches
536,Jay Sheridan\Jay-Sheridan,eng ENG,DFMF,Chesterfield,,,18,15,1373,0,,0,0,2,0,0.00,,,0.00,,Matches
537,Connor Shields\Connor-Shields,sco SCO,FWDF,Aldershot Town,,,22,17,1446,1,,0,0,2,0,0.06,,,0.06,,Matches
538,Sean Shields\Sean-Shields,nir NIR,FW,Ebbsfleet Utd,27,1992,6,1,170,0,,0,0,0,0,0.00,,,0.00,,Matches
539,Sean Shields\Sean-Shields,nir NIR,FWMF,Notts County,27,1992,14,7,624,0,,0,0,0,0,0.00,,,0.00,,Matches
540,Tobi Sho-Silva\Tobi-Sho-Silva,eng ENG,MFDF,FC Halifax Town,24,1995,35,26,2356,5,,0,0,4,0,0.19,,,0.19,,Matches
541,Aaron Simpson\Aaron-Simpson,eng ENG,DFFW,Dover Athletic,22,1997,20,19,1697,0,,0,0,3,0,0.00,,,0.00,,Matches
542,Albi Skendi\Albi-Skendi,al ALB,MFDF,Yeovil Town,,,36,26,2526,4,,0,0,4,0,0.14,,,0.14,,Matches
543,Sam Slocombe\Sam-Slocombe,eng ENG,GK,Notts County,31,1988,29,29,2610,0,,0,0,2,0,0.00,,,0.00,,Matches
544,Sam Smart\Sam-Smart,eng ENG,DFMF,Eastleigh,,,29,18,1730,1,,0,0,2,1,0.05,,,0.05,,Matches
545,Josh Smile\Josh-Smile,eng ENG,MFFW,Maidenhead Utd,22,1996,34,31,2670,3,,0,0,5,0,0.10,,,0.10,,Matches
546,Adam Smith\Adam-Smith,eng ENG,GK,Yeovil Town,26,1992,5,5,450,0,,0,0,1,0,0.00,,,0.00,,Matches
547,George Smith\George-Smith,eng ENG,DF,Harrogate,22,1996,21,18,1675,1,,0,0,3,0,0.05,,,0.05,,Matches
548,Grant Smith\Grant-Smith,eng ENG,GK,Boreham Wood,25,1993,1,0,,0,,0,0,0,0,,,,,,Matches
549,Jimmy Smith\Jimmy-Smith,eng ENG,MFDF,Yeovil Town,32,1987,20,17,1450,5,,0,0,2,0,0.31,,,0.31,,Matches
550,Jonathan Smith\Jonathan-Smith,eng ENG,MFDF,Chesterfield,32,1986,29,24,2232,4,,0,0,7,0,0.16,,,0.16,,Matches
551,Kane Smith\Kane-Smith,eng ENG,MFDF,Boreham Wood,,,32,32,2840,3,,0,0,9,0,0.10,,,0.10,,Matches
552,Martin Smith\Martin-Smith,eng ENG,MFDF,Chorley,23,1995,17,17,1508,0,,0,0,3,0,0.00,,,0.00,,Matches
553,Will Smith\Will-Smith,eng ENG,DFMF,Harrogate,20,1998,36,36,3127,2,,0,0,3,1,0.06,,,0.06,,Matches
554,Ruel Sotiriou\Ruel-Sotiriou,cy CYP,FW,Dover Athletic,18,2000,2,1,112,2,,0,0,0,0,1.61,,,1.61,,Matches
555,Jamie Soule\Jamie-Soule,eng ENG,FW,Barrow,18,2000,2,0,13,0,,0,0,0,0,0.00,,,0.00,,Matches
556,Macauley Southam\Macauley-Southam,wal WAL,DFMF,Hartlepool Utd,23,1996,7,7,630,0,,0,0,1,0,0.00,,,0.00,,Matches
557,Dayle Southwell\Dayle-Southwell,eng ENG,DF,FC Halifax Town,25,1993,7,1,183,0,,0,0,2,0,0.00,,,0.00,,Matches
558,Daniel Sparkes\Daniel-Sparkes,eng ENG,MFDF,Barnet,27,1991,17,9,835,1,,0,0,0,0,0.11,,,0.11,,Matches
559,Anthony Spyrou\Anthony-Spyrou,eng ENG,FW,Chesterfield,19,1999,5,1,118,0,,0,0,0,0,0.00,,,0.00,,Matches
560,Joshua Staunton\Joshua-Staunton,eng ENG,MFDF,FC Halifax Town,23,1995,37,37,3299,1,,0,0,5,0,0.03,,,0.03,,Matches
561,Jon Stead\Jon-Stead,eng ENG,MFFW,Harrogate,36,1983,27,16,1456,7,,1,1,4,2,0.43,,,0.37,,Matches
562,Rene Steer\Rene-Steer,eng ENG,DF,Maidenhead Utd,29,1990,26,23,2092,0,,0,0,11,1,0.00,,,0.00,,Matches
563,Matthew Stenson\Matthew-Stenson,eng ENG,FW,Solihull Moors,,,7,2,237,1,,0,0,2,0,0.38,,,0.38,,Matches
564,David Stephens\David-Stephens,wal WAL,DFMF,Boreham Wood,27,1991,30,28,2461,1,,0,0,5,0,0.04,,,0.04,,Matches
565,Toby Stevenson\Toby-Stevenson,eng ENG,DFMF,Dag & Red,19,1999,10,10,853,0,,0,0,1,0,0.00,,,0.00,,Matches
566,Kyle Storer\Kyle-Storer,eng ENG,DFMF,Solihull Moors,32,1987,35,34,3057,0,,0,0,10,0,0.00,,,0.00,,Matches
567,Max Stryjek\Max-Stryjek,pl POL,GK,Eastleigh,23,1996,37,37,3330,0,,0,0,1,0,0.00,,,0.00,,Matches
568,Luke Summerfield\Luke-Summerfield,eng ENG,MFDF,Wrexham,31,1987,30,26,2374,2,,1,1,4,0,0.08,,,0.04,,Matches
569,Frankie Sutherland\Frankie-Sutherland,ie IRL,MFDF,Ebbsfleet Utd,25,1993,30,26,2258,0,,0,0,9,0,0.00,,,0.00,,Matches
570,Dan Sweeney\Dan-Sweeney,eng ENG,FWMF,Barnet,25,1994,18,18,1551,0,,0,0,3,0,0.00,,,0.00,,Matches
571,Craig Tanner\Craig-Tanner,eng ENG,FW,Aldershot Town,24,1994,12,12,1017,4,,0,0,2,0,0.35,,,0.35,,Matches
572,Ollie Tanner\Ollie-Tanner,eng ENG,DF,Bromley,,,2,0,10,0,,0,0,0,0,0.00,,,0.00,,Matches
573,Dave Tarpey\Dave-Tarpey,eng ENG,FWMF,Woking,30,1988,36,34,2838,8,,0,0,0,0,0.25,,,0.25,,Matches
574,Andy Taylor\Andy-Taylor,eng ENG,DF,Fylde,33,1986,13,11,864,1,,0,0,2,0,0.10,,,0.10,,Matches
575,Bobby-Joe Taylor\Bobby-Joe-Taylor,eng ENG,DFMF,Dover Athletic,24,1995,28,24,2137,2,,0,0,5,0,0.08,,,0.08,,Matches
576,Harry Taylor\Harry-Taylor,eng ENG,DFMF,Barnet,22,1997,26,26,2314,0,,0,0,6,0,0.00,,,0.00,,Matches
577,Harry Taylor\Harry-Taylor,eng ENG,MF,Aldershot Town,,,1,0,,0,,0,0,0,0,,,,,,Matches
578,Jack Taylor\Jack-Taylor,ie IRL,MFDF,Barnet,21,1998,24,23,2071,8,,1,1,3,1,0.35,,,0.30,,Matches
579,Jason Taylor\Jason-Taylor,eng ENG,DFMF,Barrow,32,1987,32,26,2349,0,,0,0,9,0,0.00,,,0.00,,Matches
580,Matthew Taylor\Matthew-Taylor,eng ENG,DF,Harrogate,20,1999,1,0,14,0,,0,0,0,0,0.00,,,0.00,,Matches
581,Andrew Teague\Andrew-Teague,eng ENG,DFMF,Chorley,33,1986,21,21,1743,0,,0,0,2,0,0.00,,,0.00,,Matches
582,Adam Thomas\Adam-Thomas,eng ENG,MFDF,Stockport,25,1994,37,31,2623,3,,0,0,1,0,0.10,,,0.10,,Matches
583,Aswad Thomas\Aswad-Thomas,eng ENG,DFMF,Ebbsfleet Utd,29,1989,8,8,720,2,,0,0,3,0,0.25,,,0.25,,Matches
584,Sorba Thomas\Sorba-Thomas,eng ENG,MFFW,Boreham Wood,,,32,29,2588,5,,3,3,5,0,0.17,,,0.07,,Matches
585,Wes Thomas\Wes-Thomas,eng ENG,MFDF,Notts County,32,1987,32,22,1939,10,,0,0,2,0,0.46,,,0.46,,Matches
586,Brandon Thomas-Asante\Brandon-Thomas-Asante,gh GHA,FW,Ebbsfleet Utd,20,1998,3,0,47,0,,0,0,0,0,0.00,,,0.00,,Matches
587,Jaden Thompson Brissett\Jaden-Thompson-Brissett,eng ENG,FW,Maidenhead Utd,18,2001,2,0,31,0,,0,0,0,0,0.00,,,0.00,,Matches
588,Jordon Thompson\Jordon-Thompson,eng ENG,MFDF,Boreham Wood,20,1999,8,6,611,0,,0,0,1,0,0.00,,,0.00,,Matches
589,Jordon Thompson\Jordon-Thompson,eng ENG,DFMF,Wrexham,20,1999,5,5,450,0,,0,0,0,0,0.00,,,0.00,,Matches
590,Lewis Thompson\Lewis-Thompson,nir NIR,DF,Fylde,19,1999,2,0,31,0,,0,0,0,0,0.00,,,0.00,,Matches
591,George Thomson\George-Thomson,sco SCO,DFMF,Harrogate,27,1992,22,10,1119,5,,0,0,0,0,0.40,,,0.40,,Matches
592,Christ Tiéhi\Christ-Tiehi,ci CIV,FW,Woking,21,1998,1,0,30,0,,0,0,0,0,0.00,,,0.00,,Matches
593,James Tilley\James-Tilley,eng ENG,FWMF,Yeovil Town,21,1998,19,6,753,0,,0,0,1,0,0.00,,,0.00,,Matches
594,Michael Timlin\Michael-Timlin,ie IRL,MFDF,Ebbsfleet Utd,34,1985,4,4,360,0,,0,0,1,0,0.00,,,0.00,,Matches
595,Robbie Tinkler\Robbie-Tinkler,eng ENG,DF,Aldershot Town,23,1996,30,30,2675,1,,0,0,9,1,0.03,,,0.03,,Matches
596,Ben Tollitt\Ben-Tollitt,eng ENG,FWMF,Wrexham,24,1994,12,5,439,0,,0,0,0,0,0.00,,,0.00,,Matches
597,Matt Tootle\Matt-Tootle,eng ENG,DF,Notts County,28,1990,1,0,29,0,,0,0,0,0,0.00,,,0.00,,Matches
598,Matt Tootle\Matt-Tootle,eng ENG,DF,Chesterfield,28,1990,3,3,178,0,,0,0,0,0,0.00,,,0.00,,Matches
599,Momodou Touray\Momodou-Touray,wal WAL,FW,Torquay,20,1999,1,0,12,0,,0,0,0,0,0.00,,,0.00,,Matches
600,Gime Toure\Gime-Toure,fr FRA,FW,Hartlepool Utd,25,1994,34,29,2574,12,,2,2,7,0,0.42,,,0.35,,Matches
601,Kabongo Tshimanga\Kabongo-Tshimanga,eng ENG,FWMF,Boreham Wood,23,1996,37,37,3124,18,,2,2,0,0,0.52,,,0.46,,Matches
602,Paul Turnbull\Paul-Turnbull,eng ENG,MFDF,Stockport,30,1989,30,28,2413,1,,0,0,2,1,0.04,,,0.04,,Matches
603,Ben Turner\Ben-Turner,eng ENG,MFDF,Notts County,31,1988,20,19,1689,1,,0,0,2,0,0.05,,,0.05,,Matches
604,George Tuson-Firth\George-Tuson-Firth,eng ENG,MF,Sutton United,,,4,2,155,0,,0,0,0,0,0.00,,,0.00,,Matches
605,David Tutonda\David-Tutonda,eng ENG,FWDF,Barnet,23,1995,24,21,1777,2,,0,0,1,0,0.10,,,0.10,,Matches
606,Nathan Tyson\Nathan-Tyson,eng ENG,MFFW,Notts County,37,1982,13,6,493,1,,0,0,0,0,0.18,,,0.18,,Matches
607,Nathan Tyson\Nathan-Tyson,eng ENG,FWMF,Chesterfield,37,1982,6,4,398,3,,0,0,0,0,0.68,,,0.68,,Matches
608,Nik Tzanev\Nik-Tzanev,nz NZL,GK,Sutton United,22,1996,19,19,1710,0,,0,0,0,0,0.00,,,0.00,,Matches
609,Gozie Ugwu\Gozie-Ugwu,eng ENG,FWMF,Ebbsfleet Utd,26,1993,38,31,2869,12,,3,3,1,0,0.38,,,0.28,,Matches
610,Josh Umerah\Josh-Umerah,eng ENG,FWDF,Ebbsfleet Utd,22,1997,30,22,1748,5,,0,0,3,1,0.26,,,0.26,,Matches
611,Ryan Upward\Ryan-Upward,eng ENG,MFDF,Maidenhead Utd,27,1992,35,34,3028,3,,0,0,1,0,0.09,,,0.09,,Matches
612,Matthew Urwin\Matthew-Urwin,eng ENG,GK,Chorley,25,1993,25,25,2250,0,,0,0,1,0,0.00,,,0.00,,Matches
613,Antonis Vasiliou\Antonis-Vasiliou,cy CYP,MF,Barnet,,,5,0,45,0,,0,0,0,0,0.00,,,0.00,,Matches
614,Lee Vaughan\Lee-Vaughan,eng ENG,MFFW,Solihull Moors,33,1986,26,24,2148,0,,0,0,5,0,0.00,,,0.00,,Matches
615,Gyliano van Velzen\Gyliano-van-Velzen,nl NED,FWMF,Aldershot Town,25,1994,4,0,55,0,,0,0,0,0,0.00,,,0.00,,Matches
616,Charles Vernam\Charles-Vernam,eng ENG,FW,Chorley,22,1996,4,4,353,3,,1,1,0,0,0.76,,,0.51,,Matches
617,Mauro Vilhete\Mauro-Vilhete,eng ENG,MFDF,Barnet,26,1993,21,12,1201,3,,0,0,1,0,0.22,,,0.22,,Matches
618,Francis Vincent\Francis-Vincent,eng ENG,MFDF,Torquay,,,19,16,1294,0,,0,0,2,0,0.00,,,0.00,,Matches
619,Mark Waddington\Mark-Waddington,eng ENG,MF,Barrow,22,1996,2,0,13,0,,0,0,0,0,0.00,,,0.00,,Matches
620,Charlie Wakefield\Charlie-Wakefield,eng ENG,MF,Chesterfield,19,2000,3,1,103,0,,0,0,0,0,0.00,,,0.00,,Matches
621,Josh Walker\Josh-Walker,eng ENG,FWMF,Barnet,21,1997,26,19,1608,8,,0,0,4,0,0.45,,,0.45,,Matches
622,Lewis Walker\Lewis-Walker,eng ENG,FWMF,Aldershot Town,21,1998,13,8,714,0,,0,0,1,0,0.00,,,0.00,,Matches
623,Mitch Walker\Mitch-Walker,eng ENG,GK,Aldershot Town,27,1991,39,39,3510,0,,0,0,2,0,0.00,,,0.00,,Matches
624,Sam Walker\Sam-Walker,eng ENG,MFDF,Stockport,32,1987,28,24,2156,1,,0,0,1,1,0.04,,,0.04,,Matches
625,Tom Walker\Tom-Walker,eng ENG,FWMF,Stockport,23,1995,15,14,1089,6,,0,0,1,0,0.50,,,0.50,,Matches
626,Tom Walker\Tom-Walker,eng ENG,MFFW,Fylde,23,1995,9,8,676,4,,1,1,0,0,0.53,,,0.40,,Matches
627,Alex Wall\Alex-Wall,eng ENG,FW,Woking,28,1990,7,4,387,1,,0,0,3,0,0.23,,,0.23,,Matches
628,Jayden Wareham\Jayden-Wareham,,DF,Woking,,,3,0,24,0,,0,0,1,0,0.00,,,0.00,,Matches
629,Gary Warren\Gary-Warren,eng ENG,MF,Torquay,34,1984,3,3,270,0,,0,0,0,0,0.00,,,0.00,,Matches
630,Sam Wedgbury\Sam-Wedgbury,eng ENG,MFDF,Chesterfield,30,1989,13,13,938,0,,0,0,1,0,0.00,,,0.00,,Matches
631,Robbie Weir\Robbie-Weir,nir NIR,DFMF,Chesterfield,30,1988,19,9,828,0,,0,0,2,0,0.00,,,0.00,,Matches
632,Curtis Weston\Curtis-Weston,eng ENG,MFDF,Chesterfield,32,1987,32,29,2655,6,,0,0,2,0,0.20,,,0.20,,Matches
633,Myles Weston\Myles-Weston,ag ATG,DFMF,Ebbsfleet Utd,31,1988,27,26,2309,7,,0,0,2,0,0.27,,,0.27,,Matches
634,Myles Weston\Myles-Weston,ag ATG,DF,Dag & Red,31,1988,4,1,142,0,,0,0,1,0,0.00,,,0.00,,Matches
635,Tom Whelan\Tom-Whelan,eng ENG,FWMF,Yeovil Town,,,8,6,553,1,,0,0,2,0,0.16,,,0.16,,Matches
636,Tom White\Tom-White,eng ENG,MF,Barrow,22,1997,18,16,1389,2,,0,0,0,0,0.13,,,0.13,,Matches
637,Danny Whitehall\Danny-Whitehall,eng ENG,FWMF,Maidenhead Utd,23,1995,36,22,2135,13,,2,2,9,1,0.55,,,0.46,,Matches
638,Ben Whitfield\Ben-Whitfield,eng ENG,MFFW,Torquay,23,1996,28,27,2425,6,,0,0,0,0,0.22,,,0.22,,Matches
639,Corey Whitley\Corey-Whitley,eng ENG,MF,Bromley,28,1991,8,6,547,1,,0,0,2,0,0.16,,,0.16,,Matches
640,Alex Whitmore\Alex-Whitmore,eng ENG,MFDF,Fylde,23,1995,34,31,2801,1,,0,0,3,0,0.03,,,0.03,,Matches
641,Alfie Whittingham\Alfie-Whittingham,eng ENG,MFDF,Aldershot Town,,,24,9,904,2,,0,0,5,0,0.20,,,0.20,,Matches
642,Charlie Wickham\Charlie-Wickham,nir NIR,MF,Boreham Wood,,,1,0,1,0,,0,0,0,0,0.00,,,0.00,,Matches
643,Luke Wilkinson\Luke-Wilkinson,eng ENG,MFDF,Yeovil Town,28,1990,26,25,2197,3,,0,0,7,0,0.12,,,0.12,,Matches
644,Danny Williams\Danny-Williams,eng ENG,MFFW,FC Halifax Town,31,1988,25,20,1714,0,,0,0,3,0,0.00,,,0.00,,Matches
645,Jordan Williams\Jordan-Williams,eng ENG,MFFW,Fylde,26,1992,32,29,2577,9,,0,0,2,1,0.31,,,0.31,,Matches
646,Luke Williams\Luke-Williams,eng ENG,FW,Hartlepool Utd,26,1993,3,0,33,0,,0,0,0,0,0.00,,,0.00,,Matches
647,Morgan Williams\Morgan-Williams,eng ENG,MF,Yeovil Town,,,3,2,206,0,,0,0,1,0,0.00,,,0.00,,Matches
648,Tyrone Williams\Tyrone-Williams,eng ENG,DF,Solihull Moors,24,1994,17,15,1378,0,,0,0,5,1,0.00,,,0.00,,Matches
649,Ben Williamson\Ben-Williamson,eng ENG,FW,Eastleigh,30,1988,20,14,1283,1,,0,0,1,0,0.07,,,0.07,,Matches
650,Ben Williamson\Ben-Williamson,eng ENG,FW,Bromley,30,1988,17,14,1208,2,,0,0,0,0,0.15,,,0.15,,Matches
651,Kurt Willoughby\Kurt-Willoughby,eng ENG,FWDF,Fylde,22,1997,19,7,716,2,,0,0,1,0,0.25,,,0.25,,Matches
652,Lawrie Wilson\Lawrie-Wilson,eng ENG,DFMF,Ebbsfleet Utd,31,1987,28,28,2370,0,,0,0,0,0,0.00,,,0.00,,Matches
653,Scott Wilson\Scott-Wilson,eng ENG,FW,Notts County,26,1993,3,1,86,0,,0,0,1,0,0.00,,,0.00,,Matches
654,Dave Winfield\Dave-Winfield,eng ENG,MFDF,Bromley,31,1988,13,12,1052,0,,0,0,3,0,0.00,,,0.00,,Matches
655,Sam Wood\Sam-Wood,eng ENG,DFMF,Bromley,32,1986,33,33,2911,0,,0,0,2,0,0.00,,,0.00,,Matches
656,Will Wood\Will-Wood,eng ENG,DFMF,Dag & Red,22,1996,4,3,172,0,,0,0,0,0,0.00,,,0.00,,Matches
657,Danny Woodards\Danny-Woodards,eng ENG,DFMF,Boreham Wood,35,1983,11,8,640,0,,0,0,0,0,0.00,,,0.00,,Matches
658,Michael Woods\Michael-Woods,eng ENG,DFMF,Dover Athletic,29,1990,33,33,2951,3,,0,0,7,0,0.09,,,0.09,,Matches
659,Kyle Wootton\Kyle-Wootton,eng ENG,FWMF,Notts County,22,1996,31,29,2645,13,,0,0,4,0,0.44,,,0.44,,Matches
660,Lee Worgan\Lee-Worgan,wal WAL,GK,Dover Athletic,35,1983,24,24,2160,0,,0,0,0,0,0.00,,,0.00,,Matches
661,Matt Worthington\Matt-Worthington,eng ENG,MFDF,Yeovil Town,21,1997,31,23,1995,3,,0,0,5,0,0.14,,,0.14,,Matches
662,Akil Wright\Akil-Wright,eng ENG,MFFW,Wrexham,23,1996,15,12,1048,2,,0,0,1,0,0.17,,,0.17,,Matches
663,Daniel Wright\Daniel-Wright,eng ENG,MFFW,Solihull Moors,34,1984,31,17,1589,5,,1,1,5,0,0.28,,,0.23,,Matches
664,Diaz Wright\Diaz-Wright,eng ENG,MF,Dag & Red,21,1998,2,0,16,0,,0,0,0,0,0.00,,,0.00,,Matches
665,Tommy Wright\Tommy-Wright,eng ENG,FWMF,Sutton United,22,1996,28,18,1668,6,,0,0,0,0,0.32,,,0.32,,Matches
666,Will Wright\Will-Wright,eng ENG,DFMF,Dag & Red,22,1997,27,21,2064,2,,0,0,0,0,0.09,,,0.09,,Matches
667,Ben Wyatt\Ben-Wyatt,eng ENG,MFFW,Sutton United,23,1996,19,18,1635,0,,0,0,2,0,0.00,,,0.00,,Matches
668,Alex Wynter\Alex-Wynter,eng ENG,MFDF,Eastleigh,25,1993,11,10,912,0,,0,0,3,0,0.00,,,0.00,,Matches
669,Ben Wynter\Ben-Wynter,eng ENG,DF,Torquay,21,1997,29,27,2488,1,,0,0,7,0,0.04,,,0.04,,Matches
670,Josef Yarney\Josef-Yarney,eng ENG,DF,Chesterfield,21,1997,29,26,2224,1,,0,0,5,0,0.04,,,0.04,,Matches
671,Mark Yeates\Mark-Yeates,ie IRL,FWMF,Fylde,34,1985,29,18,1685,1,,0,0,3,0,0.05,,,0.05,,Matches
672,Luke Young\Luke-Young,eng ENG,MFDF,Wrexham,26,1993,37,36,3244,3,,0,0,5,0,0.08,,,0.08,,Matches
673,Adi Yussuf\Adi-Yussuf,tz TAN,FW,Solihull Moors,27,1992,9,3,304,0,,0,0,0,0,0.00,,,0.00,,Matches
674,Adi Yussuf\Adi-Yussuf,tz TAN,FWMF,Boreham Wood,27,1992,3,0,23,0,,0,0,0,0,0.00,,,0.00,,Matches
675,Ade Yussuff\Ade-Yussuff,eng ENG,FW,Dover Athletic,,,11,0,222,0,,0,0,0,0,0.00,,,0.00,,Matches
676,Gabriel Zakuani\Gabriel-Zakuani,cd COD,MF,Dag & Red,33,1986,1,1,40,0,,0,0,0,0,0.00,,,0.00,,Matches