,,,,,,,Playing Time,Playing Time,Playing Time,Performance,Performance,Performance,Performance,Performance,Performance,Per 90 Minutes,Per 90 Minutes,Per 90 Minutes,Per 90 Minutes,Per 90 Minutes,
Rk,Player,Nation,Pos,Squad,Age,Born,MP,Starts,Min,Gls,Ast,PK,PKatt,CrdY,CrdR,Gls,Ast,G+A,G-PK,G+A-PK,Matches
1,Adam El-Abd\Adam-El-Abd,eg EGY,DF,Stevenage,34,1984,2,1,135,0,0,0,0,0,0,0.00,0.00,0.00,0.00,0.00,Matches
2,Tristan Abrahams\Tristan-Abrahams,eng ENG,FW,Newport County,20,1998,33,17,1795,4,3,2,3,5,0,0.20,0.15,0.35,0.10,0.25,Matches
3,Ebou Adams\Ebou-Adams,gm GAM,MF,FG Rovers,23,1996,34,30,2762,4,4,0,0,9,0,0.13,0.13,0.26,0.13,0.26,Matches
4,Kielen Adams\Kielen-Adams,eng ENG,FW,Oldham Athletic,,,1,0,13,0,0,0,0,0,0,0.00,0.00,0.00,0.00,0.00,Matches
5,Nicky Adams\Nicky-Adams,wal WAL,MF,Northampton,32,1986,37,37,3177,1,12,0,0,2,0,0.03,0.34,0.37,0.03,0.37,Matches
6,Alex Addai\Alex-Addai,eng ENG,FW,Cheltenham,,,25,7,859,4,1,0,0,3,1,0.42,0.10,0.52,0.42,0.52,Matches
7,Elijah Adebayo\Elijah-Adebayo,eng ENG,FW,Walsall,21,1998,30,15,1534,8,1,0,0,2,0,0.47,0.06,0.53,0.47,0.53,Matches
8,Rio Adebisi\Rio-Adebisi,eng ENG,DF,Crewe Alexandra,18,2000,2,1,101,0,0,0,0,0,0,0.00,0.00,0.00,0.00,0.00,Matches
9,Manny Adebowale\Manny-Adebowale,eng ENG,DF,Crawley Town,21,1997,1,1,77,0,0,0,0,0,0,0.00,0.00,0.00,0.00,0.00,Matches
10,Victor Adeboyejo\Victor-Adeboyejo,eng ENG,FW,Cambridge Utd,21,1998,8,7,604,0,2,0,0,0,0,0.00,0.30,0.30,0.00,0.30,Matches
11,Oladapo Afolayan\Oladapo-Afolayan,eng ENG,FW,Mansfield Town,22,1997,6,0,128,1,0,0,0,0,0,0.70,0.00,0.70,0.70,0.70,Matches
12,Will Aimson\Will-Aimson,eng ENG,DF,Plymouth Argyle,23,1995,5,5,405,2,0,0,0,1,0,0.44,0.00,0.44,0.44,0.44,Matches
13,Callum Ainley\Callum-Ainley,eng ENG,MFFW,Crewe Alexandra,21,1997,25,6,780,2,4,0,0,1,0,0.23,0.46,0.69,0.23,0.69,Matches
14,Jack Aitchison\Jack-Aitchison,sco SCO,MFFW,FG Rovers,19,2000,28,23,2055,5,5,0,0,0,0,0.22,0.22,0.44,0.22,0.44,Matches
15,Nicky Ajose\Nicky-Ajose,eng ENG,FW,Exeter City,27,1991,13,10,776,2,0,0,0,0,0,0.23,0.00,0.23,0.23,0.23,Matches
16,Jean-Louis Akpa Akpro\Jean-Louis-Akpa-Akpro,ci CIV,FW,Oldham Athletic,34,1985,3,3,161,0,0,0,0,0,0,0.00,0.00,0.00,0.00,0.00,Matches
17,Hope Akpan\Hope-Akpan,ng NGA,MF,Bradford City,27,1991,19,13,1224,3,0,0,0,4,0,0.22,0.00,0.22,0.22,0.22,Matches
18,James Alabi\James-Alabi,eng ENG,FW,Leyton Orient,24,1994,10,0,112,1,0,0,0,0,0,0.80,0.00,0.80,0.80,0.80,Matches
19,Lewis Alessandra\Lewis-Alessandra,eng ENG,FWMF,Morecambe,30,1989,22,21,1715,5,2,0,0,7,1,0.26,0.10,0.37,0.26,0.37,Matches
20,Lewis Alessandra\Lewis-Alessandra,eng ENG,FW,Carlisle United,30,1989,10,10,828,1,0,0,0,0,0,0.11,0.00,0.11,0.11,0.11,Matches
21,Tarryn Allarakhia\Tarryn-Allarakhia,eng ENG,MFFW,Crawley Town,21,1997,19,7,762,0,2,0,0,1,0,0.00,0.24,0.24,0.00,0.24,Matches
22,Taylor Allen\Taylor-Allen,eng ENG,FW,FG Rovers,19,2000,5,2,200,1,0,0,0,0,0,0.45,0.00,0.45,0.45,0.45,Matches
23,Pádraig Amond\Padraig-Amond,ie IRL,FW,Newport County,31,1988,33,26,2274,8,2,1,2,2,0,0.32,0.08,0.40,0.28,0.36,Matches
24,David Amoo\David-Amoo,eng ENG,FW,Port Vale,28,1991,32,30,2624,4,3,0,0,1,0,0.14,0.10,0.24,0.14,0.24,Matches
25,Jermaine Anderson\Jermaine-Anderson,eng ENG,MF,Bradford City,23,1996,5,3,208,1,0,0,0,2,0,0.43,0.00,0.43,0.43,0.43,Matches
26,Keshi Anderson\Keshi-Anderson,eng ENG,MF,Swindon Town,24,1995,20,17,1308,6,5,0,0,2,0,0.41,0.34,0.76,0.41,0.76,Matches
27,Paul Anderson\Paul-Anderson,eng ENG,MF,Northampton,31,1988,18,17,1187,1,3,0,0,5,0,0.08,0.23,0.30,0.08,0.30,Matches
28,Nick Anderton\Nick-Anderton,eng ENG,DF,Carlisle United,23,1996,10,10,884,2,1,0,0,5,0,0.20,0.10,0.31,0.20,0.31,Matches
29,Bruno Andrade\Bruno-Andrade,pt POR,MF,Salford City,25,1993,7,6,567,0,2,0,0,1,0,0.00,0.32,0.32,0.00,0.32,Matches
30,Chuma Anene\Chuma-Anene,no NOR,FW,Crewe Alexandra,26,1993,28,12,1260,7,1,0,0,0,0,0.50,0.07,0.57,0.50,0.57,Matches
31,Lee Angol\Lee-Angol,eng ENG,FWMF,Leyton Orient,24,1994,26,20,1704,4,2,2,2,5,0,0.21,0.11,0.32,0.11,0.21,Matches
32,Jordan Archer\Jordan-Archer,eng ENG,FW,Port Vale,,,3,0,36,0,0,0,0,0,0,0.00,0.00,0.00,0.00,0.00,Matches
33,Theo Archibald\Theo-Archibald,sco SCO,MF,Macclesfield,21,1998,28,23,2157,4,2,0,0,6,0,0.17,0.08,0.25,0.17,0.25,Matches
34,Luke Armstrong\Luke-Armstrong,eng ENG,FW,Salford City,23,1996,21,12,1014,1,0,0,0,2,0,0.09,0.00,0.09,0.09,0.09,Matches
35,Steve Arnold\Steve-Arnold,eng ENG,GK,Northampton,29,1989,4,4,335,0,0,0,0,0,0,0.00,0.00,0.00,0.00,0.00,Matches
36,Nigel Atangana\Nigel-Atangana,fr FRA,MF,Exeter City,29,1989,22,18,1478,1,0,0,0,1,1,0.06,0.00,0.06,0.06,0.06,Matches
37,Will Atkinson\Will-Atkinson,eng ENG,MFDF,Port Vale,30,1988,11,7,687,1,0,0,0,1,0,0.13,0.00,0.13,0.13,0.13,Matches
38,Odin Bailey\Odin-Bailey,eng ENG,MF,FG Rovers,19,1999,5,5,383,1,1,0,0,0,0,0.23,0.23,0.47,0.23,0.47,Matches
39,Ash Baker\Ash-Baker,wal WAL,DFMF,Newport County,22,1996,4,4,319,0,0,0,0,1,0,0.00,0.00,0.00,0.00,0.00,Matches
40,Tyreeq Bakinson\Tyreeq-Bakinson,eng ENG,MF,Plymouth Argyle,20,1998,14,12,1138,2,2,0,0,1,0,0.16,0.16,0.32,0.16,0.32,Matches
41,Jack Baldwin\Jack-Baldwin,eng ENG,MFDF,Salford City,26,1993,13,10,896,1,0,0,0,4,0,0.10,0.00,0.10,0.10,0.10,Matches
42,Daniel Ballard\Daniel-Ballard,nir NIR,DF,Swindon Town,19,1999,1,0,2,0,0,0,0,0,0,0.00,0.00,0.00,0.00,0.00,Matches
43,Joshua Balogun\Joshua-Balogun,ng NGA,FW,Carlisle United,26,1992,5,3,332,3,0,1,1,0,0,0.81,0.00,0.81,0.54,0.54,Matches
44,Sacha Bastien\Sacha-Bastien,fr FRA,GK,Stevenage,24,1995,1,1,90,0,0,0,0,0,0,0.00,0.00,0.00,0.00,0.00,Matches
45,Alfie Bates\Alfie-Bates,eng ENG,MF,Walsall,,,13,9,914,1,1,0,0,0,0,0.10,0.10,0.20,0.10,0.20,Matches
46,Mathieu Baudry\Mathieu-Baudry,fr FRA,DF,Swindon Town,31,1988,24,24,2018,0,0,0,0,7,0,0.00,0.00,0.00,0.00,0.00,Matches
47,Jose Baxter\Jose-Baxter,eng ENG,MF,Plymouth Argyle,27,1992,9,3,384,0,0,0,0,0,0,0.00,0.00,0.00,0.00,0.00,Matches
48,Jacob Bedeau\Jacob-Bedeau,eng ENG,DF,Scunthorpe Utd,19,1999,11,11,990,1,0,0,0,1,0,0.09,0.00,0.09,0.09,0.09,Matches
49,Jake Beesley\Jake-Beesley,eng ENG,MFFW,Salford City,22,1996,7,4,410,2,0,0,0,0,0,0.44,0.00,0.44,0.44,0.44,Matches
50,Alfie Beestin\Alfie-Beestin,eng ENG,FW,Scunthorpe Utd,21,1997,3,0,18,0,0,0,0,0,0,0.00,0.00,0.00,0.00,0.00,Matches
51,Steven Benda\Steven-Benda,de GER,GK,Swindon Town,20,1998,24,24,2160,0,0,0,0,0,0,0.00,0.00,0.00,0.00,0.00,Matches
52,Richie Bennett\Richie-Bennett,eng ENG,FW,Port Vale,28,1991,26,17,1506,6,3,1,1,1,0,0.36,0.18,0.54,0.30,0.48,Matches
53,Scot Bennett\Scot-Bennett,eng ENG,MFDF,Newport County,28,1990,28,25,2268,1,1,0,0,2,0,0.04,0.04,0.08,0.04,0.08,Matches
54,Malvind Benning\Malvind-Benning,eng ENG,MFDF,Mansfield Town,25,1993,33,30,2729,0,5,0,0,6,0,0.00,0.16,0.16,0.00,0.16,Matches
55,Josh Benson\Josh-Benson,eng ENG,MF,Grimsby Town,19,1999,11,8,779,2,2,0,0,1,0,0.23,0.23,0.46,0.23,0.46,Matches
56,Dominic Bernard\Dominic-Bernard,ie IRL,DFMF,FG Rovers,22,1997,28,25,2265,0,0,0,0,4,0,0.00,0.00,0.00,0.00,0.00,Matches
57,Charlie Birch\Charlie-Birch,eng ENG,DF,Carlisle United,,,1,0,2,0,0,0,0,0,0,0.00,0.00,0.00,0.00,0.00,Matches
58,Neal Bishop\Neal-Bishop,eng ENG,MF,Mansfield Town,37,1981,28,27,2334,0,1,0,0,5,0,0.00,0.04,0.04,0.00,0.04,Matches
59,Mason Bloomfield\Mason-Bloomfield,eng ENG,FWMF,Crawley Town,22,1996,21,10,1034,3,0,0,0,0,0,0.26,0.00,0.26,0.26,0.26,Matches
60,Jacob Blyth\Jacob-Blyth,eng ENG,FW,Macclesfield,26,1992,19,0,184,1,0,0,0,0,0,0.49,0.00,0.49,0.49,0.49,Matches
61,Cameron Borthwick-Jackson\Cameron-Borthwick-Jackson,eng ENG,DF,Oldham Athletic,22,1997,6,6,529,0,1,0,0,1,0,0.00,0.17,0.17,0.00,0.17,Matches
62,Ryan Bowman\Ryan-Bowman,eng ENG,FW,Exeter City,27,1991,37,36,3240,13,0,1,1,8,0,0.36,0.00,0.36,0.33,0.33,Matches
63,Daniel Bowry\Daniel-Bowry,ag ATG,DF,Cheltenham,21,1998,1,0,2,0,0,0,0,0,0,0.00,0.00,0.00,0.00,0.00,Matches
64,Will Boyle\Will-Boyle,eng ENG,DF,Cheltenham,23,1995,13,11,998,2,0,0,0,2,0,0.18,0.00,0.18,0.18,0.18,Matches
65,Harvey Bradbury\Harvey-Bradbury,eng ENG,FW,Morecambe,20,1998,3,0,43,0,0,0,0,1,0,0.00,0.00,0.00,0.00,0.00,Matches
66,Cohen Bramall\Cohen-Bramall,eng ENG,DF,Colchester Utd,23,1996,24,24,2085,1,5,0,0,2,0,0.04,0.22,0.26,0.04,0.26,Matches
67,Johan Branger\Johan-Branger,ga GAB,MF,Oldham Athletic,26,1993,16,9,806,2,2,0,0,1,0,0.22,0.22,0.45,0.22,0.45,Matches
68,Jarrad Branthwaite\Jarrad-Branthwaite,eng ENG,DF,Carlisle United,17,2002,9,9,765,0,0,0,0,2,0,0.00,0.00,0.00,0.00,0.00,Matches
69,Tom Brewitt\Tom-Brewitt,eng ENG,MF,Morecambe,22,1997,22,17,1528,1,2,0,0,5,0,0.06,0.12,0.18,0.06,0.18,Matches
70,Jack Bridge\Jack-Bridge,eng ENG,MF,Carlisle United,23,1995,28,20,1733,0,0,0,0,3,1,0.00,0.00,0.00,0.00,0.00,Matches
71,Dean Brill\Dean-Brill,eng ENG,GK,Leyton Orient,33,1985,19,19,1633,0,0,0,0,0,0,0.00,0.00,0.00,0.00,0.00,Matches
72,Shaun Brisley\Shaun-Brisley,eng ENG,DF,Port Vale,29,1990,9,6,602,1,0,0,0,3,0,0.15,0.00,0.15,0.15,0.15,Matches
73,Tom Broadbent\Tom-Broadbent,eng ENG,DF,Swindon Town,27,1992,9,3,482,0,0,0,0,0,0,0.00,0.00,0.00,0.00,0.00,Matches
74,Ryan Broom\Ryan-Broom,wal WAL,MF,Cheltenham,22,1996,34,33,2916,8,7,0,0,7,0,0.25,0.22,0.46,0.25,0.46,Matches
75,James Brophy\James-Brophy,eng ENG,MFDF,Leyton Orient,25,1994,34,29,2731,2,1,0,0,5,0,0.07,0.03,0.10,0.07,0.10,Matches
76,Jevani Brown\Jevani-Brown,jm JAM,MF,FG Rovers,24,1994,5,5,298,0,0,0,0,0,0,0.00,0.00,0.00,0.00,0.00,Matches
77,Jevani Brown\Jevani-Brown,jm JAM,MF,Colchester Utd,24,1994,11,5,471,0,0,0,0,0,0,0.00,0.00,0.00,0.00,0.00,Matches
78,Junior Brown\Junior-Brown,eng ENG,DFMF,Scunthorpe Utd,30,1989,20,20,1738,0,2,0,0,3,0,0.00,0.10,0.10,0.00,0.10,Matches
79,Scott Brown\Scott-Brown,eng ENG,GK,Port Vale,34,1985,37,37,3330,0,0,0,0,1,0,0.00,0.00,0.00,0.00,0.00,Matches
80,Rhys Browne\Rhys-Browne,ag ATG,FW,Port Vale,23,1995,11,6,587,0,1,0,0,0,0,0.00,0.15,0.15,0.00,0.15,Matches
81,Dannie Bulman\Dannie-Bulman,eng ENG,MF,Crawley Town,40,1979,29,28,2318,0,1,0,0,2,0,0.00,0.04,0.04,0.00,0.04,Matches
82,Joe Bunney\Joe-Bunney,eng ENG,DF,Northampton,25,1993,4,3,295,0,0,0,0,3,0,0.00,0.00,0.00,0.00,0.00,Matches
83,Cameron Burgess\Cameron-Burgess,au AUS,DF,Salford City,23,1995,29,26,2359,2,0,0,0,4,0,0.08,0.00,0.08,0.08,0.08,Matches
84,Scott Burgess\Scott-Burgess,eng ENG,MF,Port Vale,21,1997,24,23,1951,3,3,0,0,1,0,0.14,0.14,0.28,0.14,0.28,Matches
85,Callum Burton\Callum-Burton,eng ENG,GK,Cambridge Utd,22,1996,10,10,900,0,0,0,0,0,0,0.00,0.00,0.00,0.00,0.00,Matches
86,Andy Butler\Andy-Butler,eng ENG,DF,Scunthorpe Utd,35,1983,18,16,1413,0,0,0,0,4,0,0.00,0.00,0.00,0.00,0.00,Matches
87,Lewis Butroid\Lewis-Butroid,eng ENG,DFMF,Scunthorpe Utd,20,1998,4,4,314,0,0,0,0,0,0,0.00,0.00,0.00,0.00,0.00,Matches
88,Adam Buxton\Adam-Buxton,eng ENG,DFMF,Morecambe,27,1992,13,9,842,1,0,0,1,1,0,0.11,0.00,0.11,0.11,0.11,Matches
89,Joel Byrom\Joel-Byrom,eng ENG,MF,Stevenage,32,1986,6,5,462,0,1,0,0,1,0,0.00,0.19,0.19,0.00,0.19,Matches
90,Paul Caddis\Paul-Caddis,sco SCO,DF,Swindon Town,31,1988,19,18,1558,0,1,0,0,1,0,0.00,0.06,0.06,0.00,0.06,Matches
91,Panutche Camará\Panutche-Camara,gw GNB,MF,Crawley Town,22,1997,29,23,1883,1,5,0,0,4,0,0.05,0.24,0.29,0.05,0.29,Matches
92,Nathan Cameron\Nathan-Cameron,eng ENG,DF,Macclesfield,27,1991,16,12,1176,0,0,0,0,0,0,0.00,0.00,0.00,0.00,0.00,Matches
93,Tahvon Campbell\Tahvon-Campbell,eng ENG,FW,Cheltenham,22,1997,11,6,477,0,1,0,0,1,0,0.00,0.19,0.19,0.00,0.19,Matches
94,Niall Canavan\Niall-Canavan,ie IRL,DF,Plymouth Argyle,28,1991,33,32,2925,2,1,0,0,4,0,0.06,0.03,0.09,0.06,0.09,Matches
95,Harry Cardwell\Harry-Cardwell,sco SCO,FW,Grimsby Town,22,1996,2,0,7,0,0,0,0,0,0,0.00,0.00,0.00,0.00,0.00,Matches
96,Canice Carroll\Canice-Carroll,ie IRL,MFDF,Stevenage,20,1999,4,2,209,0,0,0,0,1,0,0.00,0.00,0.00,0.00,0.00,Matches
97,Canice Carroll\Canice-Carroll,ie IRL,MFDF,Carlisle United,20,1999,9,6,444,0,0,0,0,4,1,0.00,0.00,0.00,0.00,0.00,Matches
98,Samir Carruthers\Samir-Carruthers,ie IRL,MF,Cambridge Utd,26,1993,10,7,604,0,1,0,0,2,0,0.00,0.15,0.15,0.00,0.15,Matches
99,Charlie Carter\Charlie-Carter,eng ENG,MF,Stevenage,22,1996,29,25,2197,5,0,0,0,0,0,0.20,0.00,0.20,0.20,0.20,Matches
100,Jake Cassidy\Jake-Cassidy,wal WAL,FW,Stevenage,26,1993,9,8,673,1,1,0,0,1,0,0.13,0.13,0.27,0.13,0.27,Matches
101,Reice Charles-Cook\Reice-Charles-Cook,eng ENG,GK,Macclesfield,25,1994,2,2,180,0,0,0,0,0,0,0.00,0.00,0.00,0.00,0.00,Matches
102,Harry Charsley\Harry-Charsley,ie IRL,MF,Mansfield Town,22,1996,9,7,565,0,1,0,0,1,0,0.00,0.16,0.16,0.00,0.16,Matches
103,Taylor Charters\Taylor-Charters,eng ENG,MF,Carlisle United,,,7,0,65,0,0,0,0,1,0,0.00,0.00,0.00,0.00,0.00,Matches
104,Benjamin Chrisene\Benjamin-Chrisene,eng ENG,MF,Exeter City,15,2004,1,0,,0,0,0,0,0,0,,,,,,Matches
105,Ousseynou Cissé\Ousseynou-Cisse,ml MLI,MF,Leyton Orient,28,1991,10,9,786,1,0,0,0,1,0,0.11,0.00,0.11,0.11,0.11,Matches
106,Ryan Clampin\Ryan-Clampin,eng ENG,DF,Colchester Utd,20,1999,13,13,1132,0,1,0,0,3,0,0.00,0.08,0.08,0.00,0.08,Matches
107,Mitchell Clark\Mitchell-Clark,wal WAL,DF,Port Vale,20,1999,4,4,356,0,0,0,0,1,1,0.00,0.00,0.00,0.00,0.00,Matches
108,Billy Clarke\Billy-Clarke,ie IRL,FW,Plymouth Argyle,31,1987,9,2,258,0,0,0,0,0,0,0.00,0.00,0.00,0.00,0.00,Matches
109,Billy Clarke\Billy-Clarke,ie IRL,FWMF,Grimsby Town,31,1987,13,10,900,2,4,1,1,3,0,0.20,0.40,0.60,0.10,0.50,Matches
110,Eddie Clarke\Eddie-Clarke,eng ENG,MF,Macclesfield,20,1998,6,5,415,0,0,0,0,0,0,0.00,0.00,0.00,0.00,0.00,Matches
111,James Clarke\James-Clarke,eng ENG,DF,Walsall,29,1989,27,27,2385,3,0,0,0,2,1,0.11,0.00,0.11,0.11,0.11,Matches
112,James Clarke\James-Clarke,ie IRL,DF,Mansfield Town,19,2000,12,6,658,0,2,0,0,3,0,0.00,0.27,0.27,0.00,0.27,Matches
113,Jordan Clarke\Jordan-Clarke,eng ENG,DF,Scunthorpe Utd,27,1991,12,11,930,0,0,0,0,3,0,0.00,0.00,0.00,0.00,0.00,Matches
114,Craig Clay\Craig-Clay,eng ENG,MF,Leyton Orient,27,1992,35,30,2707,0,3,0,0,8,0,0.00,0.10,0.10,0.00,0.10,Matches
115,Jarvis Cleal\Jarvis-Cleal,,MF,Plymouth Argyle,,,1,0,2,0,0,0,0,0,0,0.00,0.00,0.00,0.00,0.00,Matches
116,Chris Clements\Chris-Clements,eng ENG,MF,Cheltenham,29,1990,22,16,1493,0,3,0,0,3,0,0.00,0.18,0.18,0.00,0.18,Matches
117,Harry Clifton\Harry-Clifton,wal WAL,MF,Grimsby Town,21,1998,25,22,1873,0,1,0,0,7,0,0.00,0.05,0.05,0.00,0.05,Matches
118,Callum Cockerill-Mollett\Callum-Cockerill-Mollett,eng ENG,DFMF,Walsall,20,1999,9,6,507,0,0,0,0,1,0,0.00,0.00,0.00,0.00,0.00,Matches
119,Josh Cogley\Josh-Cogley,eng ENG,DFMF,Crawley Town,23,1996,16,15,1289,0,2,0,0,2,0,0.00,0.14,0.14,0.00,0.14,Matches
120,Ryan Colclough\Ryan-Colclough,eng ENG,MF,Scunthorpe Utd,24,1994,20,8,935,0,2,0,0,2,0,0.00,0.19,0.19,0.00,0.19,Matches
121,Adam Collin\Adam-Collin,eng ENG,GK,Carlisle United,34,1984,37,37,3330,0,0,0,0,0,0,0.00,0.00,0.00,0.00,0.00,Matches
122,Aaron Collins\Aaron-Collins,wal WAL,FWMF,FG Rovers,22,1997,28,14,1299,5,0,0,0,3,0,0.35,0.00,0.35,0.35,0.35,Matches
123,Archie Collins\Archie-Collins,eng ENG,MF,Exeter City,,,36,33,3037,1,3,0,0,5,0,0.03,0.09,0.12,0.03,0.12,Matches
124,Lewis Collins\Lewis-Collins,wal WAL,MF,Newport County,18,2001,6,0,120,0,0,0,0,0,0,0.00,0.00,0.00,0.00,0.00,Matches
125,Brandon Comley\Brandon-Comley,ms MSR,MF,Colchester Utd,23,1995,24,22,1970,1,1,0,0,7,0,0.05,0.05,0.09,0.05,0.09,Matches
126,Luke Conlan\Luke-Conlan,nir NIR,DFMF,Morecambe,24,1994,20,19,1656,0,1,0,0,4,0,0.00,0.05,0.05,0.00,0.05,Matches
127,Tom Conlon\Tom-Conlon,eng ENG,MF,Port Vale,23,1996,22,19,1630,1,3,0,0,1,1,0.06,0.17,0.22,0.06,0.22,Matches
128,Dylan Connolly\Dylan-Connolly,ie IRL,MFFW,Bradford City,24,1995,27,22,1898,1,2,0,0,4,0,0.05,0.09,0.14,0.05,0.14,Matches
129,Dion Conroy\Dion-Conroy,eng ENG,DF,Swindon Town,23,1995,11,11,906,0,0,0,0,1,0,0.00,0.00,0.00,0.00,0.00,Matches
130,Craig Conway\Craig-Conway,sco SCO,MFFW,Salford City,34,1985,20,15,1380,0,6,0,0,0,0,0.00,0.39,0.39,0.00,0.39,Matches
131,Andy Cook\Andy-Cook,eng ENG,FW,Mansfield Town,28,1990,23,10,1124,7,1,0,0,2,0,0.56,0.08,0.64,0.56,0.64,Matches
132,Jordan Cook\Jordan-Cook,eng ENG,MFFW,Grimsby Town,29,1990,14,10,758,2,0,0,0,2,0,0.24,0.00,0.24,0.24,0.24,Matches
133,Callum Cooke\Callum-Cooke,eng ENG,MF,Bradford City,22,1997,25,18,1673,0,1,0,0,6,1,0.00,0.05,0.05,0.00,0.05,Matches
134,Ryan Cooney\Ryan-Cooney,eng ENG,DF,Morecambe,19,2000,11,11,952,0,0,0,0,1,0,0.00,0.00,0.00,0.00,0.00,Matches
135,George Cooper\George-Cooper,eng ENG,MFDF,Plymouth Argyle,22,1996,27,21,1794,3,12,0,0,4,0,0.15,0.60,0.75,0.15,0.75,Matches
136,David Cornell\David-Cornell,wal WAL,GK,Northampton,28,1991,34,33,2995,0,0,0,0,3,0,0.00,0.00,0.00,0.00,0.00,Matches
137,Josh Coulson\Josh-Coulson,eng ENG,DF,Leyton Orient,30,1989,28,26,2313,1,1,0,0,2,0,0.04,0.04,0.08,0.04,0.08,Matches
138,Vaughn Covil\Vaughn-Covil,eng ENG,FW,FG Rovers,16,2003,2,0,14,0,0,0,0,0,0,0.00,0.00,0.00,0.00,0.00,Matches
139,Paris Cowan-Hall\Paris-Cowan-Hall,eng ENG,MF,Colchester Utd,28,1990,5,2,160,0,0,0,0,0,0,0.00,0.00,0.00,0.00,0.00,Matches
140,Jason Cowley\Jason-Cowley,eng ENG,FW,Stevenage,,,18,11,953,2,0,0,0,2,0,0.19,0.00,0.19,0.19,0.19,Matches
141,Jordan Cranston\Jordan-Cranston,wal WAL,DFMF,Morecambe,25,1993,24,12,1180,0,3,0,0,1,1,0.00,0.23,0.23,0.00,0.23,Matches
142,Adam Crookes\Adam-Crookes,eng ENG,DF,Port Vale,21,1997,14,14,1260,0,0,0,0,3,0,0.00,0.00,0.00,0.00,0.00,Matches
143,Mark Cullen\Mark-Cullen,eng ENG,FW,Port Vale,27,1992,18,7,784,5,1,0,0,0,0,0.57,0.11,0.69,0.57,0.69,Matches
144,Taylor Curran\Taylor-Curran,eng ENG,DF,Swindon Town,19,2000,2,0,,0,0,0,0,0,0,,,,,,Matches
145,Scott Cuthbert\Scott-Cuthbert,sco SCO,DF,Stevenage,32,1987,21,21,1711,2,0,0,0,2,0,0.11,0.00,0.11,0.11,0.11,Matches
146,Diaguely Dabo\Diaguely-Dabo,,MF,Stevenage,,,8,8,654,0,0,0,0,1,0,0.00,0.00,0.00,0.00,0.00,Matches
147,Owen Dale\Owen-Dale,eng ENG,FW,Crewe Alexandra,20,1998,27,7,912,0,1,0,0,4,0,0.00,0.10,0.10,0.00,0.10,Matches
148,Andy Dales\Andy-Dales,eng ENG,FW,Scunthorpe Utd,,,3,0,49,0,0,0,0,0,0,0.00,0.00,0.00,0.00,0.00,Matches
149,Andrew Dallas\Andrew-Dallas,sco SCO,FW,Cambridge Utd,20,1999,22,2,381,2,0,0,0,0,0,0.47,0.00,0.47,0.47,0.47,Matches
150,Tom Dallison\Tom-Dallison,eng ENG,DF,Crawley Town,23,1996,21,20,1805,0,0,0,0,6,0,0.00,0.00,0.00,0.00,0.00,Matches
151,Harry Darling\Harry-Darling,eng ENG,DF,Cambridge Utd,19,1999,24,23,2041,2,1,0,0,6,0,0.09,0.04,0.13,0.09,0.13,Matches
152,Craig Davies\Craig-Davies,wal WAL,FW,Mansfield Town,33,1986,5,0,24,0,0,0,0,1,0,0.00,0.00,0.00,0.00,0.00,Matches
153,Leon Davies\Leon-Davies,eng ENG,MFDF,Cambridge Utd,19,1999,16,14,1267,0,2,0,0,0,0,0.00,0.14,0.14,0.00,0.14,Matches
154,Harry Davis\Harry-Davis,eng ENG,DF,Grimsby Town,27,1991,21,19,1540,0,0,0,0,3,0,0.00,0.00,0.00,0.00,0.00,Matches
155,Kevin Dawson\Kevin-Dawson,ie IRL,MF,FG Rovers,29,1990,15,12,1033,0,1,0,0,1,0,0.00,0.09,0.09,0.00,0.09,Matches
156,James Dayton\James-Dayton,eng ENG,MFFW,Leyton Orient,30,1988,11,8,512,1,0,0,0,1,1,0.18,0.00,0.18,0.18,0.18,Matches
157,Zak Dearnley\Zak-Dearnley,eng ENG,FW,Oldham Athletic,20,1998,8,6,425,4,0,0,0,0,0,0.85,0.00,0.85,0.85,0.85,Matches
158,Joshua Debayo\Joshua-Debayo,ng NGA,MF,Cheltenham,22,1996,7,3,300,0,0,0,0,0,0,0.00,0.00,0.00,0.00,0.00,Matches
159,Mickey Demetriou\Mickey-Demetriou,eng ENG,DF,Newport County,29,1990,21,21,1776,0,0,0,0,2,0,0.00,0.00,0.00,0.00,0.00,Matches
160,Louis Dennis\Louis-Dennis,eng ENG,FWMF,Leyton Orient,26,1992,16,7,769,1,3,0,0,3,0,0.12,0.35,0.47,0.12,0.47,Matches
161,Tyler Denton\Tyler-Denton,eng ENG,DFMF,Stevenage,23,1995,15,13,1208,0,0,0,0,2,0,0.00,0.00,0.00,0.00,0.00,Matches
162,Danny Devine\Danny-Devine,eng ENG,MF,Bradford City,21,1997,13,6,591,1,0,0,0,1,0,0.15,0.00,0.15,0.15,0.15,Matches
163,Jamie Devitt\Jamie-Devitt,ie IRL,MF,Bradford City,29,1990,5,3,259,0,0,0,0,2,1,0.00,0.00,0.00,0.00,0.00,Matches
164,Toumani Diagouraga\Toumani-Diagouraga,fr FRA,MF,Morecambe,32,1987,12,12,1039,1,0,0,0,1,0,0.09,0.00,0.09,0.09,0.09,Matches
165,Ben Dickenson\Ben-Dickenson,eng ENG,MFDF,Exeter City,26,1993,10,8,662,2,2,0,0,2,0,0.27,0.27,0.54,0.27,0.54,Matches
166,Emmanuel Dieseruvwe\Emmanuel-Dieseruvwe,eng ENG,FWMF,Salford City,24,1995,20,10,993,3,0,0,0,5,0,0.27,0.00,0.27,0.27,0.27,Matches
167,Emmanuel Dieseruvwe\Emmanuel-Dieseruvwe,eng ENG,FW,Oldham Athletic,24,1995,4,1,70,0,0,0,0,0,0,0.00,0.00,0.00,0.00,0.00,Matches
168,Paul Digby\Paul-Digby,eng ENG,DFMF,Stevenage,24,1995,17,16,1478,0,0,0,0,1,0,0.00,0.00,0.00,0.00,0.00,Matches
169,Josh Doherty\Josh-Doherty,nir NIR,DF,Crawley Town,23,1996,31,30,2719,0,1,0,0,10,0,0.00,0.03,0.03,0.00,0.03,Matches
170,Matthew Dolan\Matthew-Dolan,eng ENG,MF,Newport County,26,1993,22,13,1033,0,0,0,0,2,0,0.00,0.00,0.00,0.00,0.00,Matches
171,Clayton Donaldson\Clayton-Donaldson,jm JAM,FW,Bradford City,35,1984,20,18,1584,3,3,1,1,3,0,0.17,0.17,0.34,0.11,0.28,Matches
172,Dion Donohue\Dion-Donohue,wal WAL,DF,Swindon Town,25,1993,5,5,450,0,1,0,0,0,0,0.00,0.20,0.20,0.00,0.20,Matches
173,Michael Doughty\Michael-Doughty,wal WAL,MF,Swindon Town,26,1992,31,24,2246,1,6,0,0,5,1,0.04,0.24,0.28,0.04,0.28,Matches
174,Eoin Doyle\Eoin-Doyle,ie IRL,FWMF,Bradford City,31,1988,6,6,498,0,1,0,0,0,0,0.00,0.18,0.18,0.00,0.18,Matches
175,Eoin Doyle\Eoin-Doyle,ie IRL,FW,Swindon Town,31,1988,28,28,2498,25,4,2,2,6,0,0.90,0.14,1.04,0.83,0.97,Matches
176,Jake Doyle-Hayes\Jake-Doyle-Hayes,ie IRL,MF,Cheltenham,20,1998,30,28,2366,1,5,0,0,5,0,0.04,0.19,0.23,0.04,0.23,Matches
177,Anthony Driscoll-Glennon\Anthony-Driscoll-Glennon,eng ENG,DF,Grimsby Town,19,1999,12,11,1013,1,1,0,0,2,0,0.09,0.09,0.18,0.09,0.18,Matches
178,Harrison Dunk\Harrison-Dunk,eng ENG,DFMF,Cambridge Utd,28,1990,29,20,1997,0,2,0,0,3,0,0.00,0.09,0.09,0.00,0.09,Matches
179,Chris Eagles\Chris-Eagles,eng ENG,MF,Oldham Athletic,33,1985,15,5,500,0,2,0,0,0,0,0.00,0.36,0.36,0.00,0.36,Matches
180,Ashley Eastham\Ashley-Eastham,eng ENG,DF,Salford City,28,1991,4,4,349,0,0,0,0,0,0,0.00,0.00,0.00,0.00,0.00,Matches
181,Tom Eastman\Tom-Eastman,eng ENG,DF,Colchester Utd,27,1991,36,35,3155,2,3,0,0,4,0,0.06,0.09,0.14,0.06,0.14,Matches
182,Jake Eastwood\Jake-Eastwood,eng ENG,GK,Scunthorpe Utd,22,1996,11,10,935,0,0,0,0,0,0,0.00,0.00,0.00,0.00,0.00,Matches
183,Rarmani Edmonds-Green\Rarmani-Edmonds-Green,eng ENG,DF,Swindon Town,20,1999,9,9,810,1,0,0,0,1,0,0.11,0.00,0.11,0.11,0.11,Matches
184,Joe Edwards\Joe-Edwards,eng ENG,MF,Plymouth Argyle,28,1990,34,31,2549,3,0,0,0,6,0,0.11,0.00,0.11,0.11,0.11,Matches
185,Tomáš Egert\Tomas-Egert,cz CZE,DF,Oldham Athletic,24,1994,6,3,168,0,0,0,0,0,1,0.00,0.00,0.00,0.00,0.00,Matches
186,Abo Eisa\Abo-Eisa,eng ENG,MFFW,Scunthorpe Utd,23,1996,28,24,2116,5,3,0,0,2,0,0.21,0.13,0.34,0.21,0.34,Matches
187,Marvin Ekpiteta\Marvin-Ekpiteta,eng ENG,DF,Leyton Orient,23,1995,27,26,2348,0,1,0,0,2,0,0.00,0.04,0.04,0.00,0.04,Matches
188,Christie Elliott\Christie-Elliott,eng ENG,DFMF,Carlisle United,28,1991,16,13,1215,1,1,0,0,1,0,0.07,0.07,0.15,0.07,0.15,Matches
189,Tom Elliott\Tom-Elliott,eng ENG,FW,Salford City,28,1990,8,3,297,1,0,0,0,0,0,0.30,0.00,0.30,0.30,0.30,Matches
190,Kevin Ellison\Kevin-Ellison,eng ENG,MF,Morecambe,40,1979,21,8,818,1,2,0,0,2,0,0.11,0.22,0.33,0.11,0.33,Matches
191,Zac Emmerson\Zac-Emmerson,,MF,Oldham Athletic,,,2,0,12,0,0,0,0,0,0,0.00,0.00,0.00,0.00,0.00,Matches
192,Callum Evans\Callum-Evans,eng ENG,DF,Port Vale,23,1995,5,1,97,0,0,0,0,0,0,0.00,0.00,0.00,0.00,0.00,Matches
193,Owen Evans\Owen-Evans,wal WAL,GK,Cheltenham,22,1996,11,11,990,0,0,0,0,0,0,0.00,0.00,0.00,0.00,0.00,Matches
194,Owen Evans\Owen-Evans,wal WAL,GK,Macclesfield,22,1996,24,24,2160,0,0,0,0,3,0,0.00,0.00,0.00,0.00,0.00,Matches
195,Shay Facey\Shay-Facey,eng ENG,DFMF,Walsall,24,1995,13,12,979,0,2,0,0,1,0,0.00,0.18,0.18,0.00,0.18,Matches
196,Dylan Fage\Dylan-Fage,fr FRA,MFDF,Oldham Athletic,20,1999,12,7,761,0,0,0,0,3,0,0.00,0.00,0.00,0.00,0.00,Matches
197,Paul Farman\Paul-Farman,eng ENG,GK,Stevenage,29,1989,35,35,3150,0,0,0,0,5,0,0.00,0.00,0.00,0.00,0.00,Matches
198,Nathan Ferguson\Nathan-Ferguson,eng ENG,MF,Crawley Town,23,1995,31,29,2357,5,1,1,1,4,0,0.19,0.04,0.23,0.15,0.19,Matches
199,Luis Fernandez\Luis-Fernandez,eng ENG,DF,Stevenage,,,4,2,258,0,0,0,0,1,0,0.00,0.00,0.00,0.00,0.00,Matches
200,Jamie Fielding\Jamie-Fielding,eng ENG,DF,Stevenage,,,3,1,84,0,0,0,0,0,0,0.00,0.00,0.00,0.00,0.00,Matches
201,Oliver Finney\Oliver-Finney,eng ENG,MF,Crewe Alexandra,21,1997,18,11,943,5,0,0,0,0,0,0.48,0.00,0.48,0.48,0.48,Matches
202,Alex Fisher\Alex-Fisher,eng ENG,FW,Exeter City,29,1990,16,3,384,1,0,0,0,1,0,0.23,0.00,0.23,0.23,0.23,Matches
203,David Fitzpatrick\David-Fitzpatrick,eng ENG,DFMF,Macclesfield,29,1990,21,17,1480,0,0,0,0,4,0,0.00,0.00,0.00,0.00,0.00,Matches
204,Scott Flinders\Scott-Flinders,eng ENG,GK,Cheltenham,33,1986,25,25,2222,0,0,0,0,1,0,0.00,0.00,0.00,0.00,0.00,Matches
205,Ben Folami\Ben-Folami,au AUS,FW,Stevenage,20,1999,2,0,29,0,0,0,0,0,0,0.00,0.00,0.00,0.00,0.00,Matches
206,George Francomb\George-Francomb,eng ENG,MF,Crawley Town,27,1991,15,10,993,0,2,0,0,2,0,0.00,0.18,0.18,0.00,0.18,Matches
207,Elliott Frear\Elliott-Frear,eng ENG,MFFW,FG Rovers,28,1990,14,7,761,1,2,0,0,1,0,0.12,0.24,0.35,0.12,0.35,Matches
208,Tyler French\Tyler-French,eng ENG,DF,Bradford City,20,1999,2,0,7,0,0,0,0,0,0,0.00,0.00,0.00,0.00,0.00,Matches
209,Zeki Fryers\Zeki-Fryers,eng ENG,DF,Swindon Town,26,1992,22,22,1902,1,2,0,0,1,0,0.05,0.09,0.14,0.05,0.14,Matches
210,Jordan Gabriel\Jordan-Gabriel,eng ENG,DFMF,Scunthorpe Utd,20,1998,9,8,765,0,0,0,0,1,0,0.00,0.00,0.00,0.00,0.00,Matches
211,Rory Gaffney\Rory-Gaffney,ie IRL,MF,Salford City,29,1989,2,1,89,0,0,0,0,0,0,0.00,0.00,0.00,0.00,0.00,Matches
212,Rory Gaffney\Rory-Gaffney,ie IRL,FW,Walsall,29,1989,15,11,967,1,2,0,0,0,0,0.09,0.19,0.28,0.09,0.28,Matches
213,Luke Gambin\Luke-Gambin,mt MLT,MF,Colchester Utd,26,1993,28,9,974,1,0,0,0,0,0,0.09,0.00,0.09,0.09,0.09,Matches
214,Bradley Garmston\Bradley-Garmston,ie IRL,DF,Grimsby Town,25,1994,5,3,246,1,0,0,0,0,0,0.37,0.00,0.37,0.37,0.37,Matches
215,Reece Gaskell\Reece-Gaskell,eng ENG,MF,Oldham Athletic,,,1,0,,0,0,0,0,0,0,,,,,,Matches
216,Dean Gerken\Dean-Gerken,eng ENG,GK,Colchester Utd,34,1985,36,36,3240,0,0,0,0,2,0,0.00,0.00,0.00,0.00,0.00,Matches
217,Ricky German\Ricky-German,gd GRN,FW,Crawley Town,20,1999,8,1,237,1,0,0,0,1,0,0.38,0.00,0.38,0.38,0.38,Matches
218,James Gibbons\James-Gibbons,eng ENG,DF,Port Vale,21,1998,32,31,2774,1,3,0,0,10,0,0.03,0.10,0.13,0.03,0.13,Matches
219,Darron Gibson\Darron-Gibson,ie IRL,MF,Salford City,31,1987,3,2,225,0,2,0,0,2,0,0.00,0.80,0.80,0.00,0.80,Matches
220,Jordan Gibson\Jordan-Gibson,eng ENG,MFFW,Bradford City,21,1998,6,3,270,0,1,0,0,0,0,0.00,0.33,0.33,0.00,0.33,Matches
221,Liam Gibson\Liam-Gibson,eng ENG,DF,Grimsby Town,22,1997,17,16,1364,0,0,0,0,4,0,0.00,0.00,0.00,0.00,0.00,Matches
222,Alex Gilliead\Alex-Gilliead,eng ENG,MF,Scunthorpe Utd,23,1996,35,33,2919,6,1,0,0,5,0,0.18,0.03,0.22,0.18,0.22,Matches
223,Arthur Gnahoua\Arthur-Gnahoua,eng ENG,FWMF,Macclesfield,26,1992,29,26,2251,4,1,0,0,3,0,0.16,0.04,0.20,0.16,0.20,Matches
224,Virgil Gomis\Virgil-Gomis,fr FRA,FW,Macclesfield,20,1999,11,4,375,0,0,0,0,0,0,0.00,0.00,0.00,0.00,0.00,Matches
225,Charlie Goode\Charlie-Goode,eng ENG,DF,Northampton,23,1995,36,36,3240,3,1,0,0,7,0,0.08,0.03,0.11,0.08,0.11,Matches
226,Josh Gordon\Josh-Gordon,eng ENG,FWMF,Walsall,24,1995,34,26,2323,9,1,2,2,9,0,0.35,0.04,0.39,0.27,0.31,Matches
227,Kellan Gordon\Kellan-Gordon,eng ENG,MFDF,Mansfield Town,21,1997,18,17,1563,1,1,0,0,4,0,0.06,0.06,0.12,0.06,0.12,Matches
228,Dale Gorman\Dale-Gorman,nir NIR,MF,Newport County,23,1996,8,7,607,1,0,0,0,2,0,0.15,0.00,0.15,0.15,0.15,Matches
229,Dale Gorman\Dale-Gorman,nir NIR,MF,Leyton Orient,23,1996,13,7,587,0,2,0,0,4,0,0.00,0.31,0.31,0.00,0.31,Matches
230,Elliot Grandin\Elliot-Grandin,fr FRA,MF,Grimsby Town,31,1987,5,4,305,0,0,0,0,0,0,0.00,0.00,0.00,0.00,0.00,Matches
231,Anthony Grant\Anthony-Grant,eng ENG,MFDF,Swindon Town,32,1987,30,29,2631,0,2,0,0,8,0,0.00,0.07,0.07,0.00,0.07,Matches
232,Conor Grant\Conor-Grant,eng ENG,MF,Plymouth Argyle,24,1995,17,10,872,2,0,0,0,1,0,0.21,0.00,0.21,0.21,0.21,Matches
233,Joel Grant\Joel-Grant,jm JAM,FW,Plymouth Argyle,31,1987,24,14,1255,4,3,0,0,0,0,0.29,0.22,0.50,0.29,0.50,Matches
234,Joshua Grant\Joshua-Grant,eng ENG,MFDF,Plymouth Argyle,20,1998,22,17,1537,0,1,0,0,2,0,0.00,0.06,0.06,0.00,0.06,Matches
235,Jacob Greaves\Jacob-Greaves,eng ENG,DF,Cheltenham,18,2000,29,29,2579,0,0,0,0,6,0,0.00,0.00,0.00,0.00,0.00,Matches
236,Devarn Green\Devarn-Green,eng ENG,FW,Scunthorpe Utd,22,1996,2,0,74,0,1,0,0,0,0,0.00,1.22,1.22,0.00,1.22,Matches
237,Jordan Green\Jordan-Green,eng ENG,FWMF,Newport County,24,1995,11,8,711,1,0,0,0,1,0,0.13,0.00,0.13,0.13,0.13,Matches
238,Matt Green\Matt-Green,eng ENG,FW,Grimsby Town,32,1987,29,19,1755,2,2,0,0,5,0,0.10,0.10,0.21,0.10,0.21,Matches
239,Paul Green\Paul-Green,ie IRL,MF,Crewe Alexandra,36,1983,26,22,1824,2,1,0,0,0,1,0.10,0.05,0.15,0.10,0.15,Matches
240,Reece Grego-Cox\Reece-Grego-Cox,ie IRL,MFFW,Crawley Town,22,1996,28,24,2086,4,2,0,0,3,0,0.17,0.09,0.26,0.17,0.26,Matches
241,Dayle Grubb\Dayle-Grubb,eng ENG,FW,FG Rovers,28,1991,7,3,342,0,0,0,0,1,0,0.00,0.00,0.00,0.00,0.00,Matches
242,Danny Guthrie\Danny-Guthrie,eng ENG,MF,Walsall,32,1987,25,17,1356,1,2,0,0,3,0,0.07,0.13,0.20,0.07,0.20,Matches
243,Kurtis Guthrie\Kurtis-Guthrie,,FW,Bradford City,26,1993,2,1,92,0,0,0,0,0,0,0.00,0.00,0.00,0.00,0.00,Matches
244,Kurtis Guthrie\Kurtis-Guthrie,,FW,Stevenage,26,1993,22,18,1701,5,0,1,1,1,0,0.26,0.00,0.26,0.21,0.21,Matches
245,Callum Guy\Callum-Guy,eng ENG,MF,Carlisle United,22,1996,3,2,189,0,0,0,0,0,0,0.00,0.00,0.00,0.00,0.00,Matches
246,Robert Hall\Robert-Hall,eng ENG,MF,FG Rovers,25,1993,6,3,255,0,0,0,0,0,0,0.00,0.00,0.00,0.00,0.00,Matches
247,Reece Hall-Johnson\Reece-Hall-Johnson,eng ENG,DF,Northampton,24,1995,5,4,374,0,0,0,0,1,0,0.00,0.00,0.00,0.00,0.00,Matches
248,Mark Halstead\Mark-Halstead,eng ENG,GK,Morecambe,29,1990,12,12,1080,0,0,0,0,0,0,0.00,0.00,0.00,0.00,0.00,Matches
249,Harry Hamblin\Harry-Hamblin,eng ENG,MF,Macclesfield,19,1999,4,3,225,0,0,0,0,0,0,0.00,0.00,0.00,0.00,0.00,Matches
250,Tom Hamer\Tom-Hamer,eng ENG,DF,Oldham Athletic,20,1999,37,36,3285,3,1,0,0,4,0,0.08,0.03,0.11,0.08,0.11,Matches
251,CJ Hamilton\CJ-Hamilton,eng ENG,MFFW,Mansfield Town,24,1995,34,25,2272,2,3,0,0,1,0,0.08,0.12,0.20,0.08,0.20,Matches
252,Adam Hammill\Adam-Hammill,eng ENG,MF,Scunthorpe Utd,31,1988,3,3,186,0,1,0,0,0,0,0.00,0.48,0.48,0.00,0.48,Matches
253,Luke Hannant\Luke-Hannant,eng ENG,MF,Cambridge Utd,25,1993,27,23,1953,1,1,0,0,5,0,0.05,0.05,0.09,0.05,0.09,Matches
254,James Hanson\James-Hanson,eng ENG,FW,Grimsby Town,31,1987,29,26,2238,9,6,2,3,2,0,0.36,0.24,0.60,0.28,0.52,Matches
255,Dan Happe\Dan-Happe,eng ENG,DF,Leyton Orient,20,1998,32,32,2695,1,0,0,0,5,0,0.03,0.00,0.03,0.03,0.03,Matches
256,Ryan Hardie\Ryan-Hardie,sco SCO,FW,Plymouth Argyle,22,1997,13,5,569,7,0,0,0,1,0,1.11,0.00,1.11,1.11,1.11,Matches
257,James Hardy\James-Hardy,eng ENG,MF,Walsall,23,1996,11,2,395,1,0,0,0,1,0,0.23,0.00,0.23,0.23,0.23,Matches
258,Michael Harriman\Michael-Harriman,ie IRL,DFMF,Northampton,26,1992,21,15,1299,0,0,0,0,3,0,0.00,0.00,0.00,0.00,0.00,Matches
259,Callum Harriott\Callum-Harriott,gy GUY,MF,Colchester Utd,25,1994,22,17,1460,3,3,0,0,3,0,0.18,0.18,0.37,0.18,0.37,Matches
260,Jay Harris\Jay-Harris,eng ENG,MF,Macclesfield,32,1987,25,25,2205,1,1,0,0,6,0,0.04,0.04,0.08,0.04,0.08,Matches
261,Matt Harrold\Matt-Harrold,eng ENG,FW,Leyton Orient,35,1984,24,9,936,2,1,0,0,2,0,0.19,0.10,0.29,0.19,0.29,Matches
262,Andre Hasanally\Andre-Hasanally,eng ENG,MF,Colchester Utd,17,2002,2,0,12,0,0,0,0,0,0,0.00,0.00,0.00,0.00,0.00,Matches
263,Aaron Hayden\Aaron-Hayden,eng ENG,DF,Carlisle United,22,1997,18,18,1589,2,1,0,0,9,1,0.11,0.06,0.17,0.11,0.17,Matches
264,Ryan Haynes\Ryan-Haynes,eng ENG,DFMF,Newport County,23,1995,32,32,2769,1,1,0,0,5,0,0.03,0.03,0.07,0.03,0.07,Matches
265,Luke Hendrie\Luke-Hendrie,eng ENG,DF,Grimsby Town,24,1994,32,32,2875,1,1,0,0,8,0,0.03,0.03,0.06,0.03,0.06,Matches
266,Adam Henley\Adam-Henley,wal WAL,DFMF,Bradford City,25,1994,24,22,1867,0,0,0,0,1,0,0.00,0.00,0.00,0.00,0.00,Matches
267,Jake Hessenthaler\Jake-Hessenthaler,eng ENG,MF,Grimsby Town,25,1994,28,28,2405,1,2,0,0,2,0,0.04,0.07,0.11,0.04,0.11,Matches
268,Elliott Hewitt\Elliott-Hewitt,wal WAL,DFMF,Grimsby Town,25,1994,20,18,1626,0,3,0,0,6,0,0.00,0.17,0.17,0.00,0.17,Matches
269,Liam Hogan\Liam-Hogan,eng ENG,DF,Salford City,30,1989,12,11,1061,0,1,0,0,2,0,0.00,0.08,0.08,0.00,0.08,Matches
270,Rory Holden\Rory-Holden,nir NIR,MF,Walsall,21,1997,29,23,2004,2,4,0,0,3,0,0.09,0.18,0.27,0.09,0.27,Matches
271,Hallam Hope\Hallam-Hope,eng ENG,FW,Carlisle United,25,1994,23,13,1258,2,0,0,0,1,0,0.14,0.00,0.14,0.14,0.14,Matches
272,Hallam Hope\Hallam-Hope,eng ENG,MFFW,Swindon Town,25,1994,5,4,346,2,0,0,0,0,0,0.52,0.00,0.52,0.52,0.52,Matches
273,Fraser Horsfall\Fraser-Horsfall,eng ENG,DF,Macclesfield,22,1996,26,21,1937,0,0,0,0,4,0,0.00,0.00,0.00,0.00,0.00,Matches
274,Grant Horton\Grant-Horton,eng ENG,DF,Cheltenham,,,1,0,,0,0,0,0,0,0,,,,,,Matches
275,Sam Hoskins\Sam-Hoskins,eng ENG,MFFW,Northampton,26,1993,37,36,3187,8,3,4,4,9,1,0.23,0.08,0.31,0.11,0.20,Matches
276,Mark Howard\Mark-Howard,eng ENG,GK,Salford City,32,1986,3,3,270,0,0,0,0,0,0,0.00,0.00,0.00,0.00,0.00,Matches
277,Michael Howard\Michael-Howard,eng ENG,FW,Morecambe,19,1999,1,0,4,0,0,0,0,0,0,0.00,0.00,0.00,0.00,0.00,Matches
278,Kyle Howkins\Kyle-Howkins,eng ENG,DF,Newport County,23,1996,16,10,1076,1,0,0,0,2,0,0.08,0.00,0.08,0.08,0.08,Matches
279,Sam Hughes\Sam-Hughes,eng ENG,DF,Salford City,22,1997,8,4,387,0,0,0,0,2,0,0.00,0.00,0.00,0.00,0.00,Matches
280,Max Hunt\Max-Hunt,eng ENG,DF,Carlisle United,,,4,3,300,0,0,0,0,0,0,0.00,0.00,0.00,0.00,0.00,Matches
281,Nicky Hunt\Nicky-Hunt,eng ENG,DF,Crewe Alexandra,35,1983,25,22,1873,1,1,0,0,5,0,0.05,0.05,0.10,0.05,0.10,Matches
282,Rob Hunt\Rob-Hunt,eng ENG,DF,Swindon Town,24,1995,34,33,3052,1,6,0,0,3,0,0.03,0.18,0.21,0.03,0.21,Matches
283,Ashley Hunter\Ashley-Hunter,eng ENG,MF,Salford City,23,1995,11,9,830,5,1,0,0,5,1,0.54,0.11,0.65,0.54,0.65,Matches
284,Noor Husin\Noor-Husin,af AFG,MF,Stevenage,22,1997,10,6,550,0,0,0,0,1,0,0.00,0.00,0.00,0.00,0.00,Matches
285,Chris Hussey\Chris-Hussey,eng ENG,MF,Cheltenham,30,1989,33,31,2781,2,6,0,0,3,0,0.06,0.19,0.26,0.06,0.26,Matches
286,Alex Iacovitti\Alex-Iacovitti,sco SCO,DF,Oldham Athletic,21,1997,24,24,2115,0,2,0,0,4,0,0.00,0.09,0.09,0.00,0.09,Matches
287,Ellis Iandolo\Ellis-Iandolo,eng ENG,DF,Swindon Town,21,1997,13,10,837,0,1,0,0,3,0,0.00,0.11,0.11,0.00,0.11,Matches
288,Jabo Ibehre\Jabo-Ibehre,eng ENG,FW,Cambridge Utd,36,1983,4,2,195,0,0,0,0,0,0,0.00,0.00,0.00,0.00,0.00,Matches
289,Rohan Ince\Rohan-Ince,eng ENG,MF,Cheltenham,26,1992,9,1,274,0,0,0,0,1,1,0.00,0.00,0.00,0.00,0.00,Matches
290,Ryan Inniss\Ryan-Inniss,eng ENG,DF,Newport County,24,1995,22,21,1806,1,1,0,0,7,1,0.05,0.05,0.10,0.05,0.10,Matches
291,Arthur Iontton\Arthur-Iontton,eng ENG,MF,Stevenage,18,2000,7,4,422,0,0,0,0,0,0,0.00,0.00,0.00,0.00,0.00,Matches
292,Jack Iredale\Jack-Iredale,sco SCO,DFMF,Carlisle United,23,1996,22,18,1632,2,3,0,0,4,0,0.11,0.17,0.28,0.11,0.28,Matches
293,Joe Ironside\Joe-Ironside,eng ENG,FW,Macclesfield,25,1993,33,25,2323,6,3,4,5,0,0,0.23,0.12,0.35,0.08,0.19,Matches
294,Lloyd Isgrove\Lloyd-Isgrove,wal WAL,MF,Swindon Town,26,1993,29,24,1968,0,5,0,0,2,0,0.00,0.23,0.23,0.00,0.23,Matches
295,Zeli Ismail\Zeli-Ismail,eng ENG,FWMF,Bradford City,25,1993,11,6,573,1,1,0,0,2,1,0.16,0.16,0.31,0.16,0.31,Matches
296,William Jääskeläinen\William-Jaaskelainen,fi FIN,GK,Crewe Alexandra,21,1998,35,35,3150,0,0,0,0,0,0,0.00,0.00,0.00,0.00,0.00,Matches
297,Ryan Jackson\Ryan-Jackson,eng ENG,DF,Colchester Utd,29,1990,34,33,2946,2,2,0,0,3,1,0.06,0.06,0.12,0.06,0.12,Matches
298,Simeon Jackson\Simeon-Jackson,ca CAN,MFFW,Stevenage,32,1987,4,2,169,0,0,0,0,0,0,0.00,0.00,0.00,0.00,0.00,Matches
299,Diallang Jaiyesimi\Diallang-Jaiyesimi,eng ENG,MFFW,Swindon Town,21,1998,21,15,1165,4,1,0,0,2,0,0.31,0.08,0.39,0.31,0.39,Matches
300,Cameron James\Cameron-James,eng ENG,DFMF,Colchester Utd,21,1998,3,0,16,0,0,0,0,0,0,0.00,0.00,0.00,0.00,0.00,Matches
301,Matt Jay\Matt-Jay,eng ENG,MF,Exeter City,23,1996,14,9,825,4,4,1,1,1,0,0.44,0.44,0.87,0.33,0.76,Matches
302,Luke Jephcott\Luke-Jephcott,wal WAL,FW,Plymouth Argyle,19,2000,14,13,1006,7,0,0,0,0,0,0.63,0.00,0.63,0.63,0.63,Matches
303,Jake Jervis\Jake-Jervis,eng ENG,MFFW,Salford City,27,1991,20,19,1610,4,2,0,0,0,0,0.22,0.11,0.34,0.22,0.34,Matches
304,Danny Johnson\Danny-Johnson,eng ENG,FW,Leyton Orient,26,1993,6,4,374,2,0,0,0,1,0,0.48,0.00,0.48,0.48,0.48,Matches
305,Travis Johnson\Travis-Johnson,eng ENG,DF,Crewe Alexandra,18,2000,1,0,22,0,0,0,0,0,0,0.00,0.00,0.00,0.00,0.00,Matches
306,Dan Jones\Dan-Jones,eng ENG,DF,Salford City,24,1994,3,3,270,0,0,0,0,0,0,0.00,0.00,0.00,0.00,0.00,Matches
307,Daniel Jones\Daniel-Jones,eng ENG,DFMF,Cambridge Utd,32,1986,14,10,889,0,0,0,0,2,0,0.00,0.00,0.00,0.00,0.00,Matches
308,David Jones\David-Jones,eng ENG,MF,Oldham Athletic,34,1984,6,6,431,0,0,0,0,1,0,0.00,0.00,0.00,0.00,0.00,Matches
309,Gethin Jones\Gethin-Jones,wal WAL,DFMF,Carlisle United,23,1995,30,30,2700,0,3,0,0,2,0,0.00,0.10,0.10,0.00,0.10,Matches
310,James Jones\James-Jones,sco SCO,MF,Crewe Alexandra,23,1996,23,13,1310,2,3,0,0,1,0,0.14,0.21,0.34,0.14,0.34,Matches
311,Joey Jones\Joey-Jones,eng ENG,MFDF,Salford City,25,1994,20,15,1356,0,2,0,0,5,0,0.00,0.13,0.13,0.00,0.13,Matches
312,Lloyd Jones\Lloyd-Jones,eng ENG,DF,Northampton,23,1995,7,6,565,0,0,0,0,2,0,0.00,0.00,0.00,0.00,0.00,Matches
313,Mike Jones\Mike-Jones,eng ENG,MF,Carlisle United,31,1987,37,37,3270,0,0,0,0,4,0,0.00,0.00,0.00,0.00,0.00,Matches
314,Luke Joyce\Luke-Joyce,eng ENG,MF,Port Vale,32,1987,36,36,3193,1,2,0,0,9,0,0.03,0.06,0.08,0.03,0.08,Matches
315,Myles Judd\Myles-Judd,eng ENG,DF,Leyton Orient,19,1999,9,6,633,0,0,0,0,4,1,0.00,0.00,0.00,0.00,0.00,Matches
316,Zak Jules\Zak-Jules,sco SCO,DF,Walsall,22,1997,17,13,1052,0,0,0,0,2,0,0.00,0.00,0.00,0.00,0.00,Matches
317,Egli Kaja\Egli-Kaja,al ALB,MF,Northampton,22,1997,4,0,84,0,0,0,0,0,0,0.00,0.00,0.00,0.00,0.00,Matches
318,Fiacre Kelleher\Fiacre-Kelleher,ie IRL,DF,Macclesfield,23,1996,37,37,3330,1,1,0,0,3,0,0.03,0.03,0.05,0.03,0.05,Matches
319,Daniel Kemp\Daniel-Kemp,eng ENG,FWMF,Stevenage,20,1999,6,5,464,1,0,0,0,1,0,0.19,0.00,0.19,0.19,0.19,Matches
320,Ben Kennedy\Ben-Kennedy,nir NIR,MFFW,Stevenage,22,1997,18,12,1217,0,2,0,0,0,0,0.00,0.15,0.15,0.00,0.15,Matches
321,Kieran Kennedy\Kieran-Kennedy,eng ENG,DF,Port Vale,25,1993,1,1,90,0,0,0,0,0,0,0.00,0.00,0.00,0.00,0.00,Matches
322,Ollie Kensdale\Ollie-Kensdale,eng ENG,DF,Colchester Utd,19,2000,1,0,12,0,0,0,0,0,0,0.00,0.00,0.00,0.00,0.00,Matches
323,Alex Kenyon\Alex-Kenyon,eng ENG,MF,Morecambe,27,1992,27,22,1919,1,0,0,0,4,0,0.05,0.00,0.05,0.05,0.05,Matches
324,Otis Khan\Otis-Khan,pk PAK,MF,Newport County,23,1995,5,4,339,0,0,0,0,0,0,0.00,0.00,0.00,0.00,0.00,Matches
325,Otis Khan\Otis-Khan,pk PAK,MFFW,Mansfield Town,23,1995,21,12,1125,1,3,0,0,1,0,0.08,0.24,0.32,0.08,0.32,Matches
326,Jack Kiersey\Jack-Kiersey,eng ENG,MF,Walsall,20,1998,2,1,64,0,0,0,0,0,0,0.00,0.00,0.00,0.00,0.00,Matches
327,Tom King\Tom-King,wal WAL,GK,Newport County,24,1995,31,31,2790,0,0,0,0,2,0,0.00,0.00,0.00,0.00,0.00,Matches
328,Liam Kinsella\Liam-Kinsella,ie IRL,MF,Walsall,23,1996,31,28,2460,0,0,0,0,8,0,0.00,0.00,0.00,0.00,0.00,Matches
329,Connor Kirby\Connor-Kirby,eng ENG,MF,Macclesfield,20,1998,34,29,2579,1,0,0,0,8,1,0.03,0.00,0.03,0.03,0.03,Matches
330,Charlie Kirk\Charlie-Kirk,eng ENG,FW,Crewe Alexandra,21,1997,36,35,2936,7,14,0,0,5,0,0.21,0.43,0.64,0.21,0.64,Matches
331,Liam Kitching\Liam-Kitching,eng ENG,DF,FG Rovers,19,1999,29,27,2485,0,2,0,0,9,0,0.00,0.07,0.07,0.00,0.07,Matches
332,Harvey Knibbs\Harvey-Knibbs,eng ENG,FW,Cambridge Utd,20,1999,24,12,1198,7,0,0,0,0,0,0.53,0.00,0.53,0.53,0.53,Matches
333,Nathaniel Knight-Percival\Nathaniel-Knight-Percival,eng ENG,DF,Carlisle United,32,1987,15,14,1218,0,0,0,0,4,0,0.00,0.00,0.00,0.00,0.00,Matches
334,Jimmy Knowles\Jimmy-Knowles,eng ENG,MF,Mansfield Town,,,5,0,38,1,0,1,1,0,0,2.37,0.00,2.37,0.00,0.00,Matches
335,Kyle Knoyle\Kyle-Knoyle,eng ENG,DFMF,Cambridge Utd,22,1996,26,26,2250,1,2,0,0,3,0,0.04,0.08,0.12,0.04,0.12,Matches
336,Zeus de la Paz\Zeus-de-la-Paz,cw CUW,GK,Oldham Athletic,24,1995,23,22,2025,0,0,0,0,0,0,0.00,0.00,0.00,0.00,0.00,Matches
337,Joss Labadie\Joss-Labadie,eng ENG,MFFW,Newport County,28,1990,27,24,2190,3,0,0,0,10,0,0.12,0.00,0.12,0.12,0.12,Matches
338,Charlie Lakin\Charlie-Lakin,eng ENG,MF,Stevenage,20,1999,20,18,1619,2,0,0,0,2,0,0.11,0.00,0.11,0.11,0.11,Matches
339,Reggie Lambe\Reggie-Lambe,bm BER,MF,Cambridge Utd,28,1991,23,14,1439,2,1,1,1,7,2,0.13,0.06,0.19,0.06,0.13,Matches
340,Olly Lancashire\Olly-Lancashire,eng ENG,DF,Crewe Alexandra,30,1988,9,7,719,0,1,0,0,3,1,0.00,0.13,0.13,0.00,0.13,Matches
341,Tom Lapslie\Tom-Lapslie,eng ENG,MF,Colchester Utd,23,1995,17,7,798,0,0,0,0,2,1,0.00,0.00,0.00,0.00,0.00,Matches
342,Sam Lavelle\Sam-Lavelle,sco SCO,DF,Morecambe,22,1996,31,31,2732,1,0,0,0,4,2,0.03,0.00,0.03,0.03,0.03,Matches
343,Caolan Lavery\Caolan-Lavery,ca CAN,FW,Walsall,26,1992,27,22,1869,4,3,0,0,1,0,0.19,0.14,0.34,0.19,0.34,Matches
344,Nicky Law\Nicky-Law,eng ENG,MF,Exeter City,31,1988,32,28,2522,7,7,2,2,2,0,0.25,0.25,0.50,0.18,0.43,Matches
345,Ian Lawlor\Ian-Lawlor,ie IRL,GK,Scunthorpe Utd,24,1994,4,4,360,0,0,0,0,0,0,0.00,0.00,0.00,0.00,0.00,Matches
346,Daniel Leadbitter\Daniel-Leadbitter,eng ENG,DF,Newport County,28,1990,3,3,185,0,0,0,0,0,0,0.00,0.00,0.00,0.00,0.00,Matches
347,Joe Leesley\Joe-Leesley,eng ENG,MFDF,Stevenage,25,1994,8,7,625,0,2,0,0,0,0,0.00,0.29,0.29,0.00,0.29,Matches
348,Leon Legge\Leon-Legge,eng ENG,DF,Port Vale,34,1985,37,37,3330,4,1,0,0,10,0,0.11,0.03,0.14,0.11,0.14,Matches
349,AJ Leitch-Smith\AJ-Leitch-Smith,eng ENG,FWMF,Morecambe,29,1990,23,8,960,2,4,0,0,0,0,0.19,0.37,0.56,0.19,0.56,Matches
350,Kyle Letheren\Kyle-Letheren,wal WAL,GK,Salford City,31,1987,19,19,1710,0,0,0,0,0,0,0.00,0.00,0.00,0.00,0.00,Matches
351,Paul Lewis\Paul-Lewis,eng ENG,MF,Cambridge Utd,24,1994,36,35,3045,4,5,0,0,9,0,0.12,0.15,0.27,0.12,0.27,Matches
352,Ben Liddle\Ben-Liddle,eng ENG,MF,Scunthorpe Utd,20,1998,4,2,137,0,0,0,0,0,0,0.00,0.00,0.00,0.00,0.00,Matches
353,Gary Liddle\Gary-Liddle,eng ENG,MFDF,Walsall,33,1986,12,10,893,0,0,0,0,3,0,0.00,0.00,0.00,0.00,0.00,Matches
354,Chris Lines\Chris-Lines,eng ENG,MF,Northampton,33,1985,31,25,2333,2,4,1,2,4,0,0.08,0.15,0.23,0.04,0.19,Matches
355,Sam Ling\Sam-Ling,eng ENG,DFMF,Leyton Orient,22,1996,15,15,1211,0,0,0,0,3,0,0.00,0.00,0.00,0.00,0.00,Matches
356,Elliott List\Elliott-List,eng ENG,MFFW,Stevenage,22,1997,21,19,1482,2,1,0,0,1,0,0.12,0.06,0.18,0.12,0.18,Matches
357,Danny Lloyd\Danny-Lloyd,eng ENG,MF,Salford City,27,1991,9,4,436,2,0,0,0,0,0,0.41,0.00,0.41,0.41,0.41,Matches
358,George Lloyd\George-Lloyd,eng ENG,FW,Cheltenham,19,2000,13,3,467,0,1,0,0,0,0,0.00,0.19,0.19,0.00,0.19,Matches
359,Ryan Lloyd\Ryan-Lloyd,eng ENG,MF,Port Vale,25,1994,6,1,166,0,0,0,0,0,0,0.00,0.00,0.00,0.00,0.00,Matches
360,Ryan Loft\Ryan-Loft,eng ENG,FW,Carlisle United,21,1997,26,9,1033,3,0,0,0,5,0,0.26,0.00,0.26,0.26,0.26,Matches
361,Conrad Logan\Conrad-Logan,ie IRL,GK,Mansfield Town,33,1986,22,22,1980,0,0,0,0,0,0,0.00,0.00,0.00,0.00,0.00,Matches
362,Conrad Logan\Conrad-Logan,ie IRL,GK,FG Rovers,33,1986,5,5,450,0,0,0,0,0,0,0.00,0.00,0.00,0.00,0.00,Matches
363,Klaidi Lolos\Klaidi-Lolos,gr GRE,FW,Plymouth Argyle,17,2001,4,0,42,0,0,0,0,2,0,0.00,0.00,0.00,0.00,0.00,Matches
364,Sean Long\Sean-Long,ie IRL,MF,Cheltenham,24,1995,34,31,2885,1,3,0,0,3,0,0.03,0.09,0.12,0.03,0.12,Matches
365,Jackson Longridge\Jackson-Longridge,sco SCO,DFMF,Bradford City,24,1995,1,0,10,0,0,0,0,0,0,0.00,0.00,0.00,0.00,0.00,Matches
366,Rhys Lovett\Rhys-Lovett,eng ENG,GK,Cheltenham,22,1997,1,0,28,0,0,0,0,0,0,0.00,0.00,0.00,0.00,0.00,Matches
367,Tom Lowery\Tom-Lowery,eng ENG,MF,Crewe Alexandra,21,1997,29,28,2409,5,3,0,0,2,0,0.19,0.11,0.30,0.19,0.30,Matches
368,Beryly Lubala\Beryly-Lubala,cd COD,MF,Crawley Town,21,1998,34,32,2853,12,3,3,5,8,0,0.38,0.09,0.47,0.28,0.38,Matches
369,Matty Lund\Matty-Lund,nir NIR,MF,Scunthorpe Utd,28,1990,22,22,1907,4,3,0,0,5,2,0.19,0.14,0.33,0.19,0.33,Matches
370,Jordan Lyden\Jordan-Lyden,au AUS,MF,Swindon Town,23,1996,21,17,1627,1,1,0,0,6,1,0.06,0.06,0.11,0.06,0.11,Matches
371,Alex MacDonald\Alex-MacDonald,sco SCO,MF,Mansfield Town,29,1990,29,27,2259,1,4,0,0,3,0,0.04,0.16,0.20,0.04,0.20,Matches
372,Craig Mackail-Smith\Craig-Mackail-Smith,sco SCO,FWMF,Stevenage,35,1984,18,6,728,0,1,0,0,1,0,0.00,0.12,0.12,0.00,0.12,Matches
373,Christoffer Mafoumbi\Christoffer-Mafoumbi,cg CGO,GK,Morecambe,25,1994,9,9,810,0,0,0,0,0,0,0.00,0.00,0.00,0.00,0.00,Matches
374,Jordan Maguire-Drew\Jordan-Maguire-Drew,eng ENG,MFFW,Leyton Orient,21,1997,33,21,1961,7,3,0,1,5,0,0.32,0.14,0.46,0.32,0.46,Matches
375,Udoka Malife\Udoka-Malife,eng ENG,DFMF,FG Rovers,,,12,11,827,0,0,0,0,1,0,0.00,0.00,0.00,0.00,0.00,Matches
376,Taylor Maloney\Taylor-Maloney,eng ENG,MF,Newport County,20,1999,10,5,473,0,1,0,0,0,0,0.00,0.19,0.19,0.00,0.19,Matches
377,Mohamed Maouche\Mohamed-Maouche,fr FRA,MFFW,Oldham Athletic,26,1993,31,20,1974,3,3,0,0,7,0,0.14,0.14,0.27,0.14,0.27,Matches
378,Josh March\Josh-March,,FW,FG Rovers,,,10,7,658,1,0,0,1,0,0,0.14,0.00,0.14,0.14,0.14,Matches
379,George Maris\George-Maris,eng ENG,MF,Cambridge Utd,23,1996,30,24,2150,1,3,0,0,3,0,0.04,0.13,0.17,0.04,0.17,Matches
380,George Marsh\George-Marsh,eng ENG,MFDF,Leyton Orient,20,1998,26,23,2074,0,0,0,0,9,0,0.00,0.00,0.00,0.00,0.00,Matches
381,Mark Marshall\Mark-Marshall,eng ENG,MF,Northampton,32,1987,7,5,434,0,0,0,0,0,0,0.00,0.00,0.00,0.00,0.00,Matches
382,Aaron Martin\Aaron-Martin,eng ENG,DF,Exeter City,29,1989,35,32,2910,2,0,0,0,5,0,0.06,0.00,0.06,0.06,0.06,Matches
383,Joe Martin\Joe-Martin,eng ENG,DFMF,Northampton,30,1988,17,13,1089,0,1,0,0,3,0,0.00,0.08,0.08,0.00,0.08,Matches
384,Lee Martin\Lee-Martin,eng ENG,FW,Exeter City,32,1987,28,21,1771,5,2,0,0,3,0,0.25,0.10,0.36,0.25,0.36,Matches
385,Jamille Matt\Jamille-Matt,eng ENG,FW,Newport County,29,1989,33,26,2442,6,1,0,0,6,1,0.22,0.04,0.26,0.22,0.26,Matches
386,Hector Matthew Kyprianou\Hector-Matthew-Kyprianou,cy CYP,MF,Leyton Orient,18,2001,6,3,244,0,0,0,0,1,0,0.00,0.00,0.00,0.00,0.00,Matches
387,Jonny Maxted\Jonny-Maxted,eng ENG,GK,Exeter City,25,1993,17,17,1530,0,0,0,0,0,0,0.00,0.00,0.00,0.00,0.00,Matches
388,Adam May\Adam-May,eng ENG,MF,Swindon Town,21,1997,9,1,201,0,0,0,0,1,0,0.00,0.00,0.00,0.00,0.00,Matches
389,Alfie May\Alfie-May,eng ENG,FW,Cheltenham,26,1993,12,12,1062,6,0,0,0,4,0,0.51,0.00,0.51,0.51,0.51,Matches
390,Lois Maynard\Lois-Maynard,kn SKN,MFDF,Salford City,30,1989,22,21,1801,1,0,0,0,3,0,0.05,0.00,0.05,0.05,0.05,Matches
391,Nicky Maynard\Nicky-Maynard,eng ENG,FW,Mansfield Town,32,1986,33,29,2464,14,2,0,1,1,0,0.51,0.07,0.58,0.51,0.58,Matches
392,Danny Mayor\Danny-Mayor,eng ENG,MF,Plymouth Argyle,28,1990,34,31,2841,1,6,0,0,7,0,0.03,0.19,0.22,0.03,0.22,Matches
393,Christian Mbulu\Christian-Mbulu,eng ENG,DF,Crewe Alexandra,22,1996,4,3,238,0,0,0,0,1,0,0.00,0.00,0.00,0.00,0.00,Matches
394,Christian Mbulu\Christian-Mbulu,eng ENG,DF,Morecambe,22,1996,3,1,147,0,0,0,0,1,0,0.00,0.00,0.00,0.00,0.00,Matches
395,Jobi McAnuff\Jobi-McAnuff,jm JAM,MF,Leyton Orient,37,1981,1,0,23,0,0,0,0,0,0,0.00,0.00,0.00,0.00,0.00,Matches
396,Rory McArdle\Rory-McArdle,nir NIR,DF,Scunthorpe Utd,32,1987,26,26,2327,3,2,0,0,1,0,0.12,0.08,0.19,0.12,0.19,Matches
397,John Mcatee\John-Mcatee,eng ENG,MF,Scunthorpe Utd,20,1999,19,11,988,3,2,0,0,2,0,0.27,0.18,0.46,0.27,0.46,Matches
398,Chris McCann\Chris-McCann,ie IRL,MF,Oldham Athletic,32,1987,16,15,1320,0,1,0,0,5,0,0.00,0.07,0.07,0.00,0.07,Matches
399,Shay McCartan\Shay-McCartan,nir NIR,MFFW,Bradford City,25,1994,21,8,811,4,0,0,0,5,0,0.44,0.00,0.44,0.44,0.44,Matches
400,Alan McCormack\Alan-McCormack,ie IRL,MF,Northampton,35,1984,15,11,850,0,0,0,0,7,0,0.00,0.00,0.00,0.00,0.00,Matches
401,Luke McCormick\Luke-McCormick,eng ENG,GK,Swindon Town,35,1983,12,12,1080,0,0,0,0,0,0,0.00,0.00,0.00,0.00,0.00,Matches
402,Shawn McCoulsky\Shawn-McCoulsky,eng ENG,FW,FG Rovers,22,1997,6,4,367,0,0,0,0,0,0,0.00,0.00,0.00,0.00,0.00,Matches
403,Jak McCourt\Jak-McCourt,eng ENG,MF,Macclesfield,24,1995,21,18,1504,2,1,1,1,4,0,0.12,0.06,0.18,0.06,0.12,Matches
404,Wesley McDonald\Wesley-McDonald,eng ENG,MF,Walsall,,,28,21,1824,5,4,0,1,0,0,0.25,0.20,0.44,0.25,0.44,Matches
405,Callum McFadzean\Callum-McFadzean,sco SCO,MFDF,Plymouth Argyle,25,1994,25,24,2055,3,3,0,0,3,0,0.13,0.13,0.26,0.13,0.26,Matches
406,Harrison McGahey\Harrison-McGahey,eng ENG,DF,Scunthorpe Utd,23,1995,32,31,2807,0,2,0,0,6,0,0.00,0.06,0.06,0.00,0.06,Matches
407,Luke McGee\Luke-McGee,eng ENG,GK,Bradford City,23,1995,4,4,360,0,0,0,0,0,0,0.00,0.00,0.00,0.00,0.00,Matches
408,Cameron McGilp\Cameron-McGilp,au AUS,MF,Swindon Town,21,1998,2,0,9,0,0,0,0,0,0,0.00,0.00,0.00,0.00,0.00,Matches
409,Nathan McGinley\Nathan-McGinley,eng ENG,DFMF,FG Rovers,22,1996,20,14,1369,0,1,0,0,2,0,0.00,0.07,0.07,0.00,0.07,Matches
410,Dominic McHale\Dominic-McHale,eng ENG,MF,Oldham Athletic,23,1996,1,0,2,0,0,0,0,0,0,0.00,0.00,0.00,0.00,0.00,Matches
411,James McKeown\James-McKeown,ie IRL,GK,Grimsby Town,30,1989,36,36,3240,0,0,0,0,3,0,0.00,0.00,0.00,0.00,0.00,Matches
412,Lewis McKinney\Lewis-McKinney,eng ENG,MF,Oldham Athletic,,,2,0,29,0,0,0,0,0,0,0.00,0.00,0.00,0.00,0.00,Matches
413,Harry McKirdy\Harry-McKirdy,eng ENG,FWMF,Carlisle United,22,1997,28,21,1764,5,4,0,0,3,0,0.26,0.20,0.46,0.26,0.46,Matches
414,Dan McNamara\Dan-McNamara,ie IRL,DFMF,Newport County,20,1998,21,20,1652,0,1,0,0,6,0,0.00,0.05,0.05,0.00,0.05,Matches
415,Joe McNerney\Joe-McNerney,eng ENG,DF,Crawley Town,29,1990,6,6,540,0,0,0,0,1,0,0.00,0.00,0.00,0.00,0.00,Matches
416,Shaun McWilliams\Shaun-McWilliams,eng ENG,MFDF,Northampton,20,1998,17,13,1166,1,0,0,0,4,0,0.08,0.00,0.08,0.08,0.08,Matches
417,Jacob Mellis\Jacob-Mellis,eng ENG,MF,Mansfield Town,28,1991,13,9,850,0,2,0,0,1,1,0.00,0.21,0.21,0.00,0.21,Matches
418,Jon Mellish\Jon-Mellish,eng ENG,DFMF,Carlisle United,21,1997,15,13,1225,0,0,0,0,0,0,0.00,0.00,0.00,0.00,0.00,Matches
419,Kelvin Mellor\Kelvin-Mellor,eng ENG,DFMF,Bradford City,28,1991,25,22,2002,1,1,0,0,5,0,0.04,0.04,0.09,0.04,0.09,Matches
420,Carlos Mendes Gomes\Carlos-Mendes-Gomes,es ESP,FWMF,Morecambe,,,16,15,1294,2,0,0,0,1,0,0.14,0.00,0.14,0.14,0.14,Matches
421,Yasin Ben El-Mhanni\Yasin-Ben-El-Mhanni,eng ENG,MF,Scunthorpe Utd,23,1995,1,0,17,0,0,0,0,0,0,0.00,0.00,0.00,0.00,0.00,Matches
422,Glenn Middleton\Glenn-Middleton,sco SCO,MF,Bradford City,19,2000,3,2,192,0,0,0,0,0,0,0.00,0.00,0.00,0.00,0.00,Matches
423,George Miller\George-Miller,eng ENG,FWMF,Scunthorpe Utd,21,1998,15,7,688,1,1,0,0,0,0,0.13,0.13,0.26,0.13,0.26,Matches
424,Shaun Miller\Shaun-Miller,eng ENG,FW,Morecambe,31,1987,18,10,963,2,0,0,0,0,0,0.19,0.00,0.19,0.19,0.19,Matches
425,Joseph Mills\Joseph-Mills,eng ENG,MFDF,FG Rovers,29,1989,24,24,2115,7,6,2,3,5,0,0.30,0.26,0.55,0.21,0.47,Matches
426,Matt Mills\Matt-Mills,eng ENG,DF,FG Rovers,33,1986,19,17,1361,0,0,0,0,7,1,0.00,0.00,0.00,0.00,0.00,Matches
427,Zak Mills\Zak-Mills,eng ENG,DFMF,Oldham Athletic,27,1992,25,19,1754,1,3,0,0,7,0,0.05,0.15,0.21,0.05,0.21,Matches
428,Christopher Missilou\Christopher-Missilou,cg CGO,MF,Oldham Athletic,27,1992,30,27,2315,3,1,0,0,4,0,0.12,0.04,0.16,0.12,0.16,Matches
429,Jonathan Mitchell\Jonathan-Mitchell,eng ENG,GK,Macclesfield,24,1994,11,11,990,0,0,0,0,0,0,0.00,0.00,0.00,0.00,0.00,Matches
430,Dimitar Mitov\Dimitar-Mitov,bg BUL,GK,Cambridge Utd,22,1997,27,27,2430,0,0,0,0,0,0,0.00,0.00,0.00,0.00,0.00,Matches
431,Idris El Mizouni\Idris-El-Mizouni,tn TUN,MF,Cambridge Utd,18,2000,7,5,352,1,0,0,0,0,0,0.26,0.00,0.26,0.26,0.26,Matches
432,Junior Mondal\Junior-Mondal,eng ENG,MFFW,FG Rovers,22,1997,21,7,969,2,0,0,0,0,0,0.19,0.00,0.19,0.19,0.19,Matches
433,Cristian Montaño\Cristian-Montano,co COL,DFFW,Port Vale,27,1991,30,29,2449,0,1,0,0,8,0,0.00,0.04,0.04,0.00,0.04,Matches
434,Byron Moore\Byron-Moore,eng ENG,FWMF,Plymouth Argyle,30,1988,30,26,2381,5,6,0,0,2,0,0.19,0.23,0.42,0.19,0.42,Matches
435,Tafari Moore\Tafari-Moore,eng ENG,DF,Colchester Utd,22,1997,1,1,64,0,0,0,0,0,0,0.00,0.00,0.00,0.00,0.00,Matches
436,Filipe Morais\Filipe-Morais,pt POR,MF,Crawley Town,33,1985,5,2,257,0,0,0,0,0,0,0.00,0.00,0.00,0.00,0.00,Matches
437,Filipe Morais\Filipe-Morais,pt POR,MF,Oldham Athletic,33,1985,16,14,1094,2,1,0,1,5,1,0.16,0.08,0.25,0.16,0.25,Matches
438,Junior Morias\Junior-Morias,eng ENG,FW,Northampton,24,1995,2,0,31,0,0,0,0,0,0,0.00,0.00,0.00,0.00,0.00,Matches
439,Glenn Morris\Glenn-Morris,eng ENG,GK,Crawley Town,35,1983,37,37,3330,0,0,0,0,0,0,0.00,0.00,0.00,0.00,0.00,Matches
440,Callum Morton\Callum-Morton,eng ENG,FW,Northampton,19,2000,9,7,616,5,0,0,0,1,0,0.73,0.00,0.73,0.73,0.73,Matches
441,James Morton\James-Morton,eng ENG,MF,FG Rovers,19,1999,12,7,652,0,0,0,0,3,1,0.00,0.00,0.00,0.00,0.00,Matches
442,Dylan Mottley-Henry\Dylan-Mottley-Henry,eng ENG,MF,Bradford City,21,1997,7,4,387,0,0,0,0,0,0,0.00,0.00,0.00,0.00,0.00,Matches
443,Dean Moxey\Dean-Moxey,eng ENG,DF,Exeter City,33,1986,24,21,1927,2,1,0,0,2,0,0.09,0.05,0.14,0.09,0.14,Matches
444,Paul Mullin\Paul-Mullin,eng ENG,FW,Cambridge Utd,24,1994,6,5,445,2,0,0,0,0,0,0.40,0.00,0.40,0.40,0.40,Matches
445,Admiral Muskwe\Admiral-Muskwe,zw ZIM,FW,Swindon Town,20,1998,5,0,97,0,0,0,0,0,0,0.00,0.00,0.00,0.00,0.00,Matches
446,Christian N'Guessan\Christian-NGuessan,eng ENG,MF,Oldham Athletic,20,1998,8,3,357,0,0,0,0,0,0,0.00,0.00,0.00,0.00,0.00,Matches
447,Ashley Nadesan\Ashley-Nadesan,eng ENG,FWMF,Crawley Town,24,1994,25,22,1722,5,4,0,0,2,0,0.26,0.21,0.47,0.26,0.47,Matches
448,Ashley Nathaniel-George\Ashley-Nathaniel-George,eng ENG,MF,Crawley Town,24,1995,16,7,670,3,0,2,2,0,0,0.40,0.00,0.40,0.13,0.13,Matches
449,Chris Neal\Chris-Neal,eng ENG,GK,Salford City,33,1985,15,15,1350,0,0,0,0,1,0,0.00,0.00,0.00,0.00,0.00,Matches
450,Gevaro Nepomuceno\Gevaro-Nepomuceno,cw CUW,MF,Oldham Athletic,26,1992,15,12,1074,2,1,0,0,2,0,0.17,0.08,0.25,0.17,0.25,Matches
451,Danny Newton\Danny-Newton,eng ENG,FWMF,Stevenage,28,1991,10,6,666,2,0,0,0,0,0,0.27,0.00,0.27,0.27,0.27,Matches
452,Perry Ng\Perry-Ng,eng ENG,DF,Crewe Alexandra,23,1996,36,36,3219,2,5,0,0,5,1,0.06,0.14,0.20,0.06,0.20,Matches
453,Tom Nichols\Tom-Nichols,eng ENG,MF,Cheltenham,25,1993,5,1,134,0,0,0,0,1,0,0.00,0.00,0.00,0.00,0.00,Matches
454,Eddie Nolan\Eddie-Nolan,ie IRL,DF,Crewe Alexandra,30,1988,19,19,1710,3,0,0,0,2,0,0.16,0.00,0.16,0.16,0.16,Matches
455,Jack Nolan\Jack-Nolan,eng ENG,MF,Walsall,18,2001,4,0,113,0,0,0,0,0,0,0.00,0.00,0.00,0.00,0.00,Matches
456,Cameron Norman\Cameron-Norman,eng ENG,MFDF,Walsall,23,1995,18,12,1237,0,1,0,0,3,0,0.00,0.07,0.07,0.00,0.07,Matches
457,Luke Norris\Luke-Norris,eng ENG,FW,Colchester Utd,26,1993,32,19,1816,9,2,2,2,1,0,0.45,0.10,0.55,0.35,0.45,Matches
458,Jordan Norville-Williams\Jordan-Norville-Williams,eng ENG,DF,Cambridge Utd,19,2000,5,0,49,0,0,0,0,0,0,0.00,0.00,0.00,0.00,0.00,Matches
459,Michael Nottingham\Michael-Nottingham,kn SKN,DF,Crewe Alexandra,30,1989,12,12,1080,1,0,0,0,0,0,0.08,0.00,0.08,0.08,0.08,Matches
460,Frank Nouble\Frank-Nouble,eng ENG,MFFW,Colchester Utd,27,1991,36,30,2748,5,5,1,3,5,0,0.16,0.16,0.33,0.13,0.29,Matches
461,Lee Novak\Lee-Novak,eng ENG,FW,Scunthorpe Utd,30,1988,19,18,1615,5,0,0,0,1,1,0.28,0.00,0.28,0.28,0.28,Matches
462,Lee Novak\Lee-Novak,eng ENG,FW,Bradford City,30,1988,6,6,540,2,0,0,0,0,0,0.33,0.00,0.33,0.33,0.33,Matches
463,Brice Ntambwe\Brice-Ntambwe,be BEL,MF,Macclesfield,26,1993,3,0,77,0,0,0,0,0,0,0.00,0.00,0.00,0.00,0.00,Matches
464,Kgosi Ntlhe\Kgosi-Ntlhe,za RSA,DF,Scunthorpe Utd,25,1994,18,14,1371,1,2,0,0,6,0,0.07,0.13,0.20,0.07,0.20,Matches
465,Ben Nugent\Ben-Nugent,eng ENG,DF,Stevenage,26,1992,23,23,1953,0,1,0,0,5,0,0.00,0.05,0.05,0.00,0.05,Matches
466,George Nurse\George-Nurse,eng ENG,MF,Newport County,20,1999,17,9,994,1,2,0,0,1,0,0.09,0.18,0.27,0.09,0.27,Matches
467,Mark O'Brien\Mark-OBrien,ie IRL,DF,Newport County,26,1992,21,21,1749,1,1,0,0,3,0,0.05,0.05,0.10,0.05,0.10,Matches
468,Anthony O'Connor\Anthony-OConnor,ie IRL,DF,Bradford City,26,1992,36,34,3079,0,0,0,0,1,0,0.00,0.00,0.00,0.00,0.00,Matches
469,Michael O'Connor\Michael-OConnor,nir NIR,MF,Salford City,31,1987,8,8,622,1,0,0,0,2,0,0.14,0.00,0.14,0.14,0.14,Matches
470,Paudie O'Connor\Paudie-OConnor,ie IRL,DF,Bradford City,22,1997,19,16,1457,2,0,0,0,6,0,0.12,0.00,0.12,0.12,0.12,Matches
471,Richard O'Donnell\Richard-ODonnell,eng ENG,GK,Bradford City,30,1988,33,33,2970,0,0,0,0,0,0,0.00,0.00,0.00,0.00,0.00,Matches
472,Corey O'Keeffe\Corey-OKeeffe,ie IRL,MFDF,Macclesfield,21,1998,31,28,2442,0,1,0,0,8,1,0.00,0.04,0.04,0.00,0.04,Matches
473,Liam O'Neil\Liam-ONeil,eng ENG,MF,Cambridge Utd,26,1993,28,23,1768,1,1,0,0,6,1,0.05,0.05,0.10,0.05,0.10,Matches
474,John O'Sullivan\John-OSullivan,ie IRL,MFFW,Morecambe,25,1993,34,27,2534,3,4,0,0,2,0,0.11,0.14,0.25,0.11,0.25,Matches
475,Rhys Oates\Rhys-Oates,eng ENG,MF,Morecambe,24,1994,5,2,144,0,0,0,0,0,0,0.00,0.00,0.00,0.00,0.00,Matches
476,Luke Offord\Luke-Offord,eng ENG,DF,Crewe Alexandra,,,9,9,805,0,0,0,0,2,0,0.00,0.00,0.00,0.00,0.00,Matches
477,Moses Ogbu\Moses-Ogbu,ng NGA,FW,Grimsby Town,28,1991,20,11,1147,2,2,1,1,1,0,0.16,0.16,0.31,0.08,0.24,Matches
478,Junior Ogedi-Uzokwe\Junior-Ogedi-Uzokwe,eng ENG,FW,Colchester Utd,25,1994,2,0,13,0,0,0,0,0,0,0.00,0.00,0.00,0.00,0.00,Matches
479,Ludvig Öhman\Ludvig-Ohman,se SWE,DF,Grimsby Town,27,1991,15,14,1235,1,1,0,0,3,0,0.07,0.07,0.15,0.07,0.15,Matches
480,James Olayinka\James-Olayinka,eng ENG,MF,Northampton,18,2000,1,1,90,0,0,0,0,0,0,0.00,0.00,0.00,0.00,0.00,Matches
481,Steven Old\Steven-Old,nz NZL,DF,Morecambe,33,1986,37,37,3263,2,1,0,0,2,0,0.06,0.03,0.08,0.06,0.08,Matches
482,Bobby Olejnik\Bobby-Olejnik,at AUT,GK,Mansfield Town,32,1986,11,11,990,0,0,0,0,0,0,0.00,0.00,0.00,0.00,0.00,Matches
483,Vadaine Oliver\Vadaine-Oliver,eng ENG,FW,Northampton,27,1991,30,19,1730,4,2,0,0,5,1,0.21,0.10,0.31,0.21,0.31,Matches
484,Olufela Olomola\Olufela-Olomola,eng ENG,FW,Carlisle United,21,1997,27,14,1279,5,0,0,0,1,0,0.35,0.00,0.35,0.35,0.35,Matches
485,Emmanuel Osadebe\Emmanuel-Osadebe,ie IRL,MF,Macclesfield,22,1996,25,22,2036,4,3,0,0,4,0,0.18,0.13,0.31,0.18,0.31,Matches
486,Aramide Oteh\Aramide-Oteh,eng ENG,FW,Bradford City,20,1998,18,8,841,2,2,0,0,3,0,0.21,0.21,0.43,0.21,0.43,Matches
487,Emmanuel Oyeleke\Emmanuel-Oyeleke,eng ENG,MF,Port Vale,26,1992,6,3,216,0,0,0,0,0,0,0.00,0.00,0.00,0.00,0.00,Matches
488,Alex Palmer\Alex-Palmer,eng ENG,GK,Plymouth Argyle,22,1996,37,37,3330,0,1,0,0,5,0,0.00,0.03,0.03,0.00,0.03,Matches
489,Matt Palmer\Matt-Palmer,eng ENG,MF,Swindon Town,24,1995,1,0,4,0,0,0,0,0,0,0.00,0.00,0.00,0.00,0.00,Matches
490,Matt Palmer\Matt-Palmer,eng ENG,MF,Bradford City,24,1995,18,17,1433,0,1,0,0,0,0,0.00,0.06,0.06,0.00,0.06,Matches
491,Ollie Palmer\Ollie-Palmer,eng ENG,FW,Crawley Town,27,1992,28,22,2088,13,3,1,1,3,0,0.56,0.13,0.69,0.52,0.65,Matches
492,Tom Parkes\Tom-Parkes,eng ENG,DF,Exeter City,27,1992,31,25,2277,2,0,0,0,4,1,0.08,0.00,0.08,0.08,0.08,Matches
493,David Parkhouse\David-Parkhouse,nir NIR,FW,Stevenage,19,1999,4,2,165,0,0,0,0,0,0,0.00,0.00,0.00,0.00,0.00,Matches
494,Dean Parrett\Dean-Parrett,eng ENG,MF,Stevenage,27,1991,17,11,1025,0,2,0,0,6,0,0.00,0.18,0.18,0.00,0.18,Matches
495,Omari Patrick\Omari-Patrick,eng ENG,FW,Carlisle United,23,1996,7,6,569,2,0,0,0,0,0,0.32,0.00,0.32,0.32,0.32,Matches
496,Omari Patrick\Omari-Patrick,eng ENG,FW,Bradford City,23,1996,2,0,29,0,0,0,0,0,0,0.00,0.00,0.00,0.00,0.00,Matches
497,Josh Payne\Josh-Payne,eng ENG,MF,Crawley Town,28,1990,2,1,117,1,0,0,0,0,0,0.77,0.00,0.77,0.77,0.77,Matches
498,Krystian Pearce\Krystian-Pearce,eng ENG,DF,Mansfield Town,29,1990,29,28,2540,2,1,0,0,5,0,0.07,0.04,0.11,0.07,0.11,Matches
499,Harry Pell\Harry-Pell,eng ENG,MF,Colchester Utd,27,1991,22,21,1824,3,2,0,0,8,0,0.15,0.10,0.25,0.15,0.25,Matches
500,James Perch\James-Perch,eng ENG,MFDF,Scunthorpe Utd,33,1985,30,30,2564,1,1,0,0,7,1,0.04,0.04,0.07,0.04,0.07,Matches
501,Adam Phillips\Adam-Phillips,eng ENG,MF,Morecambe,21,1998,11,11,909,4,3,0,0,1,1,0.40,0.30,0.69,0.40,0.69,Matches
502,Harry Pickering\Harry-Pickering,eng ENG,DF,Crewe Alexandra,20,1998,35,35,3130,3,5,0,0,3,0,0.09,0.14,0.23,0.09,0.23,Matches
503,Carl Piergianni\Carl-Piergianni,eng ENG,DF,Oldham Athletic,27,1992,11,11,990,0,1,0,0,1,0,0.00,0.09,0.09,0.00,0.09,Matches
504,Carl Piergianni\Carl-Piergianni,eng ENG,DF,Salford City,27,1992,13,11,999,0,0,0,0,3,0,0.00,0.00,0.00,0.00,0.00,Matches
505,Kwame Poku\Kwame-Poku,eng ENG,MF,Colchester Utd,,,29,23,1947,5,3,0,0,2,0,0.23,0.14,0.37,0.23,0.37,Matches
506,Dominic Poleon\Dominic-Poleon,eng ENG,FWMF,Newport County,25,1993,5,0,52,0,0,0,0,0,0,0.00,0.00,0.00,0.00,0.00,Matches
507,Matthew Pollock\Matthew-Pollock,eng ENG,DF,Grimsby Town,17,2001,19,11,1223,0,0,0,0,0,0,0.00,0.00,0.00,0.00,0.00,Matches
508,Scott Pollock\Scott-Pollock,eng ENG,MF,Northampton,,,11,3,363,1,0,0,0,1,0,0.25,0.00,0.25,0.25,0.25,Matches
509,Nathan Pond\Nathan-Pond,ms MSR,DF,Salford City,34,1985,22,19,1614,0,0,0,0,2,0,0.00,0.00,0.00,0.00,0.00,Matches
510,Tom Pope\Tom-Pope,eng ENG,FW,Port Vale,33,1985,33,15,1508,6,2,3,3,4,1,0.36,0.12,0.48,0.18,0.30,Matches
511,Chris Porter\Chris-Porter,eng ENG,FW,Crewe Alexandra,35,1983,26,25,2108,12,2,3,3,0,0,0.51,0.09,0.60,0.38,0.47,Matches
512,Daniel Powell\Daniel-Powell,eng ENG,FW,Crewe Alexandra,28,1991,30,24,2048,9,2,0,0,3,0,0.40,0.09,0.48,0.40,0.48,Matches
513,Jack Powell\Jack-Powell,eng ENG,DFMF,Crawley Town,25,1994,6,0,109,0,0,0,0,0,0,0.00,0.00,0.00,0.00,0.00,Matches
514,Matt Preston\Matt-Preston,eng ENG,DF,Mansfield Town,24,1995,22,20,1770,1,0,0,0,6,2,0.05,0.00,0.05,0.05,0.05,Matches
515,Cameron Pring\Cameron-Pring,eng ENG,DFMF,Walsall,21,1998,21,20,1730,0,1,0,0,4,1,0.00,0.05,0.05,0.00,0.05,Matches
516,Harry Pritchard\Harry-Pritchard,eng ENG,MF,Bradford City,26,1993,21,14,1292,3,5,0,0,1,0,0.21,0.35,0.56,0.21,0.56,Matches
517,Jamie Proctor\Jamie-Proctor,eng ENG,FW,Scunthorpe Utd,27,1992,13,4,476,1,1,0,1,3,0,0.19,0.19,0.38,0.19,0.38,Matches
518,Luke Prosser\Luke-Prosser,eng ENG,DF,Colchester Utd,31,1988,35,35,3140,3,1,0,0,6,0,0.09,0.03,0.11,0.09,0.11,Matches
519,Tom Pugh\Tom-Pugh,eng ENG,DF,Scunthorpe Utd,18,2000,1,0,7,0,0,0,0,0,0,0.00,0.00,0.00,0.00,0.00,Matches
520,Charlie Raglan\Charlie-Raglan,eng ENG,DF,Cheltenham,26,1993,35,35,3025,1,1,0,0,5,0,0.03,0.03,0.06,0.03,0.06,Matches
521,Joel Randall\Joel-Randall,eng ENG,MF,Exeter City,19,1999,2,0,26,0,0,0,0,0,0,0.00,0.00,0.00,0.00,0.00,Matches
522,Adam Randell\Adam-Randell,eng ENG,MF,Plymouth Argyle,18,2000,4,0,34,0,0,0,0,0,0,0.00,0.00,0.00,0.00,0.00,Matches
523,Farrend Rawson\Farrend-Rawson,eng ENG,DF,FG Rovers,23,1996,30,28,2555,3,0,0,0,2,0,0.11,0.00,0.11,0.11,0.11,Matches
524,Patrick Reading\Patrick-Reading,sco SCO,MF,Stevenage,20,1999,1,1,90,0,0,0,0,1,0,0.00,0.00,0.00,0.00,0.00,Matches
525,Jake Reeves\Jake-Reeves,eng ENG,MF,Bradford City,26,1993,18,17,1350,1,0,0,0,5,0,0.07,0.00,0.07,0.07,0.07,Matches
526,Reuben Reid\Reuben-Reid,eng ENG,FW,Cheltenham,31,1988,9,5,504,3,0,0,0,1,0,0.54,0.00,0.54,0.54,0.54,Matches
527,Tyler Reid\Tyler-Reid,eng ENG,DF,Swindon Town,21,1997,4,1,109,0,0,0,0,0,0,0.00,0.00,0.00,0.00,0.00,Matches
528,Gavin Reilly\Gavin-Reilly,sco SCO,FW,Cheltenham,26,1993,21,18,1376,4,2,0,0,0,0,0.26,0.13,0.39,0.26,0.39,Matches
529,Alex Revell\Alex-Revell,eng ENG,FW,Stevenage,36,1983,2,0,11,0,0,0,0,0,0,0.00,0.00,0.00,0.00,0.00,Matches
530,Dave Richards\Dave-Richards,wal WAL,GK,Crewe Alexandra,25,1993,2,2,180,0,0,0,0,0,0,0.00,0.00,0.00,0.00,0.00,Matches
531,Marc Richards\Marc-Richards,eng ENG,FW,Cambridge Utd,37,1982,18,14,1241,2,1,0,1,0,0,0.15,0.07,0.22,0.15,0.22,Matches
532,Ben Richards-Everton\Ben-Richards-Everton,eng ENG,DF,Bradford City,27,1991,32,32,2851,2,0,0,0,4,1,0.06,0.00,0.06,0.06,0.06,Matches
533,Jayden Richardson\Jayden-Richardson,eng ENG,MFDF,Exeter City,18,2000,18,10,999,1,0,0,0,1,0,0.09,0.00,0.09,0.09,0.09,Matches
534,Joe Riley\Joe-Riley,eng ENG,MF,Plymouth Argyle,27,1991,15,11,1010,1,0,0,0,2,0,0.09,0.00,0.09,0.09,0.09,Matches
535,Joe Riley\Joe-Riley,eng ENG,MFDF,Mansfield Town,27,1991,6,6,487,1,0,0,0,1,0,0.18,0.00,0.18,0.18,0.18,Matches
536,Sebastian Ring\Sebastian-Ring,se SWE,DF,Grimsby Town,24,1995,2,1,100,0,0,0,0,0,0,0.00,0.00,0.00,0.00,0.00,Matches
537,Kory Roberts\Kory-Roberts,eng ENG,DF,Walsall,21,1997,2,1,90,0,0,0,0,0,0,0.00,0.00,0.00,0.00,0.00,Matches
538,Liam Roberts\Liam-Roberts,eng ENG,GK,Walsall,24,1994,32,32,2880,0,0,0,0,1,0,0.00,0.00,0.00,0.00,0.00,Matches
539,Morgan Roberts\Morgan-Roberts,eng ENG,MF,Northampton,,,1,0,,0,0,0,0,0,0,,,,,,Matches
540,Theo Robinson\Theo-Robinson,jm JAM,FW,Colchester Utd,30,1989,28,19,1663,11,3,0,0,1,1,0.60,0.16,0.76,0.60,0.76,Matches
541,Ethan Robson\Ethan-Robson,eng ENG,MF,Grimsby Town,22,1996,16,11,1052,3,1,0,0,2,0,0.26,0.09,0.34,0.26,0.34,Matches
542,Barry Roche\Barry-Roche,ie IRL,GK,Morecambe,37,1982,16,16,1440,0,0,0,0,1,0,0.00,0.00,0.00,0.00,0.00,Matches
543,Devante Rodney\Devante-Rodney,eng ENG,MF,Salford City,21,1998,3,1,120,0,0,0,0,0,0,0.00,0.00,0.00,0.00,0.00,Matches
544,Jack Roles\Jack-Roles,cy CYP,MF,Cambridge Utd,20,1999,23,12,1172,5,0,0,0,6,0,0.38,0.00,0.38,0.38,0.38,Matches
545,Joel Rollinson\Joel-Rollinson,eng ENG,MF,Stevenage,20,1998,1,0,5,0,0,0,0,0,0,0.00,0.00,0.00,0.00,0.00,Matches
546,Adam Rooney\Adam-Rooney,ie IRL,FW,Salford City,31,1988,32,24,2104,8,1,3,4,3,0,0.34,0.04,0.38,0.21,0.26,Matches
547,Ahkeem Rose\Ahkeem-Rose,eng ENG,FW,Grimsby Town,30,1988,18,7,735,2,1,0,0,1,0,0.24,0.12,0.37,0.24,0.37,Matches
548,Danny Rose\Danny-Rose,eng ENG,MF,Swindon Town,31,1988,19,10,1001,1,0,0,0,2,0,0.09,0.00,0.09,0.09,0.09,Matches
549,Danny Rose\Danny-Rose,eng ENG,FW,Mansfield Town,25,1993,31,28,2368,11,3,4,4,5,0,0.42,0.11,0.53,0.27,0.38,Matches
550,Jack Rose\Jack-Rose,eng ENG,GK,Walsall,24,1995,4,4,360,0,0,0,0,0,0,0.00,0.00,0.00,0.00,0.00,Matches
551,Michael Rose\Michael-Rose,eng ENG,DFMF,Macclesfield,37,1982,1,0,5,0,0,0,0,0,0,0.00,0.00,0.00,0.00,0.00,Matches
552,Ethan Ross\Ethan-Ross,eng ENG,GK,Colchester Utd,22,1997,1,1,90,0,0,0,0,0,0,0.00,0.00,0.00,0.00,0.00,Matches
553,Danny Rowe\Danny-Rowe,eng ENG,FW,Oldham Athletic,29,1990,10,10,881,3,1,0,0,0,0,0.31,0.10,0.41,0.31,0.41,Matches
554,Jai Rowe\Jai-Rowe,,MF,Scunthorpe Utd,,,1,1,73,0,0,0,0,1,0,0.00,0.00,0.00,0.00,0.00,Matches
555,Zak Rudden\Zak-Rudden,sco SCO,FW,Plymouth Argyle,19,2000,14,7,649,2,0,0,0,1,0,0.28,0.00,0.28,0.28,0.28,Matches
556,Sam Russell\Sam-Russell,eng ENG,GK,Grimsby Town,36,1982,1,1,90,0,0,0,0,0,0,0.00,0.00,0.00,0.00,0.00,Matches
557,Mat Sadler\Mat-Sadler,eng ENG,DF,Walsall,34,1985,27,24,2164,2,0,0,0,0,1,0.08,0.00,0.08,0.08,0.08,Matches
558,Mohammed Sagaf\Mohammed-Sagaf,eng ENG,MFDF,Carlisle United,,,17,11,1029,1,1,0,0,3,0,0.09,0.09,0.17,0.09,0.17,Matches
559,Antoni Sarcevic\Antoni-Sarcevic,eng ENG,MF,Plymouth Argyle,27,1992,32,30,2640,10,6,4,5,9,2,0.34,0.20,0.55,0.20,0.41,Matches
560,Sam Sargeant\Sam-Sargeant,eng ENG,GK,Leyton Orient,21,1997,12,11,1067,0,0,0,0,0,0,0.00,0.00,0.00,0.00,0.00,Matches
561,Brendan Sarpong-Wiredu\Brendan-Sarpong-Wiredu,eng ENG,MFDF,Colchester Utd,19,1999,7,5,385,0,1,0,0,2,0,0.00,0.23,0.23,0.00,0.23,Matches
562,Gary Sawyer\Gary-Sawyer,eng ENG,DF,Plymouth Argyle,34,1985,28,28,2418,0,2,0,0,5,2,0.00,0.07,0.07,0.00,0.07,Matches
563,Sean Scannell\Sean-Scannell,ie IRL,MF,Bradford City,28,1990,5,2,218,1,0,0,0,0,0,0.41,0.00,0.41,0.41,0.41,Matches
564,Dan Scarr\Dan-Scarr,eng ENG,DF,Walsall,24,1994,33,32,2925,0,0,0,0,6,0,0.00,0.00,0.00,0.00,0.00,Matches
565,Stefan Scougall\Stefan-Scougall,sco SCO,MF,Carlisle United,26,1992,20,14,1256,2,0,0,0,3,0,0.14,0.00,0.14,0.14,0.14,Matches
566,Sonhy Sefil\Sonhy-Sefil,mq MTQ,DFMF,Oldham Athletic,25,1994,4,3,270,0,0,0,0,0,0,0.00,0.00,0.00,0.00,0.00,Matches
567,Désiré Segbé Azankpo\Desire-Segbe-Azankpo,bj BEN,FWMF,Oldham Athletic,26,1993,28,22,1977,4,1,0,0,3,0,0.18,0.05,0.23,0.18,0.23,Matches
568,Jamie Sendles-White\Jamie-Sendles-White,nir NIR,DF,Crawley Town,25,1994,14,12,1129,0,1,0,0,2,0,0.00,0.08,0.08,0.00,0.08,Matches
569,Courtney Senior\Courtney-Senior,eng ENG,MF,Colchester Utd,22,1997,29,19,1687,2,3,0,0,0,0,0.11,0.16,0.27,0.11,0.27,Matches
570,David Sesay\David-Sesay,ke KEN,DFMF,Crawley Town,20,1998,25,18,1696,0,0,0,0,7,0,0.00,0.00,0.00,0.00,0.00,Matches
571,Ben Seymour\Ben-Seymour,eng ENG,FW,Exeter City,20,1999,11,3,298,0,0,0,0,0,0,0.00,0.00,0.00,0.00,0.00,Matches
572,Conor Shaughnessy\Conor-Shaughnessy,ie IRL,MFDF,Mansfield Town,23,1996,15,14,1216,0,2,0,0,1,0,0.00,0.15,0.15,0.00,0.15,Matches
573,Max Sheaf\Max-Sheaf,eng ENG,MF,Cheltenham,19,2000,19,14,1136,2,0,0,0,2,0,0.16,0.00,0.16,0.16,0.16,Matches
574,Josh Sheehan\Josh-Sheehan,wal WAL,MF,Newport County,24,1995,33,33,2906,2,3,0,0,6,0,0.06,0.09,0.15,0.06,0.15,Matches
575,Mark Shelton\Mark-Shelton,eng ENG,MF,Salford City,22,1996,5,5,360,1,0,0,0,0,0,0.25,0.00,0.25,0.25,0.25,Matches
576,Liam Shephard\Liam-Shephard,wal WAL,MFDF,FG Rovers,24,1994,19,17,1408,1,2,0,1,2,0,0.06,0.13,0.19,0.06,0.19,Matches
577,Nathan Sheron\Nathan-Sheron,eng ENG,MF,Walsall,21,1997,7,6,498,0,0,0,0,1,0,0.00,0.00,0.00,0.00,0.00,Matches
578,Stuart Sinclair\Stuart-Sinclair,eng ENG,MF,Walsall,31,1987,26,22,2039,2,0,0,0,1,0,0.09,0.00,0.09,0.09,0.09,Matches
579,Regan Slater\Regan-Slater,eng ENG,MF,Scunthorpe Utd,19,1999,12,7,670,0,2,0,0,0,0,0.00,0.27,0.27,0.00,0.27,Matches
580,Jordan Slew\Jordan-Slew,eng ENG,FW,Morecambe,26,1992,11,9,688,0,0,0,0,3,0,0.00,0.00,0.00,0.00,0.00,Matches
581,Adam Smith\Adam-Smith,eng ENG,GK,FG Rovers,26,1992,8,8,720,0,0,0,0,0,0,0.00,0.00,0.00,0.00,0.00,Matches
582,Alistair Smith\Alistair-Smith,sco SCO,MF,Mansfield Town,25,1994,5,1,180,0,0,0,0,1,0,0.00,0.00,0.00,0.00,0.00,Matches
583,Harry Smith\Harry-Smith,eng ENG,FW,Northampton,24,1995,19,7,855,4,0,0,0,4,1,0.42,0.00,0.42,0.42,0.42,Matches
584,Jack Smith\Jack-Smith,eng ENG,FW,Stevenage,,,1,0,9,0,0,0,0,0,0,0.00,0.00,0.00,0.00,0.00,Matches
585,Jonny Smith\Jonny-Smith,eng ENG,MFFW,Oldham Athletic,22,1997,28,25,2276,9,7,0,0,1,0,0.36,0.28,0.63,0.36,0.63,Matches
586,Jonte Smith\Jonte-Smith,bm BER,FW,Cheltenham,25,1994,12,2,276,1,1,0,0,1,0,0.33,0.33,0.65,0.33,0.65,Matches
587,Martin Smith\Martin-Smith,eng ENG,MF,Salford City,23,1995,4,3,228,0,0,0,0,0,0,0.00,0.00,0.00,0.00,0.00,Matches
588,Nathan Smith\Nathan-Smith,eng ENG,DF,Port Vale,23,1996,34,33,2913,5,0,0,0,1,0,0.15,0.00,0.15,0.15,0.15,Matches
589,Sam Smith\Sam-Smith,eng ENG,FW,Cambridge Utd,21,1998,28,25,2206,7,2,2,3,2,0,0.29,0.08,0.37,0.20,0.29,Matches
590,Ashley Smith-Brown\Ashley-Smith-Brown,eng ENG,DF,Oldham Athletic,23,1996,6,5,387,0,0,0,0,2,0,0.00,0.00,0.00,0.00,0.00,Matches
591,Liam Smyth\Liam-Smyth,nir NIR,FW,Stevenage,17,2001,1,0,,0,0,0,0,0,0,,,,,,Matches
592,Tom Soares\Tom-Soares,eng ENG,MFDF,Stevenage,33,1986,15,14,1144,0,1,0,0,3,1,0.00,0.08,0.08,0.00,0.08,Matches
593,Yann Songo'o\Yann-Songoo,cm CMR,MF,Scunthorpe Utd,27,1991,16,16,1326,0,0,0,0,4,0,0.00,0.00,0.00,0.00,0.00,Matches
594,Emmanuel Sonupe\Emmanuel-Sonupe,eng ENG,MFFW,Stevenage,23,1996,9,5,495,1,0,0,0,1,0,0.18,0.00,0.18,0.18,0.18,Matches
595,Ruel Sotiriou\Ruel-Sotiriou,cy CYP,FWMF,Leyton Orient,18,2000,10,7,698,5,0,0,0,2,0,0.64,0.00,0.64,0.64,0.64,Matches
596,Omar Sowunmi\Omar-Sowunmi,eng ENG,DF,Colchester Utd,23,1995,7,5,451,0,0,0,0,3,1,0.00,0.00,0.00,0.00,0.00,Matches
597,Jack Sparkes\Jack-Sparkes,eng ENG,MF,Exeter City,18,2000,17,17,1405,0,2,0,0,2,0,0.00,0.13,0.13,0.00,0.13,Matches
598,Ben Stephens\Ben-Stephens,eng ENG,FWMF,Macclesfield,,,23,13,1089,3,1,0,0,2,0,0.25,0.08,0.33,0.25,0.33,Matches
599,Omari Sterling-James\Omari-Sterling-James,kn SKN,FW,Mansfield Town,25,1993,8,1,191,1,0,0,0,0,0,0.47,0.00,0.47,0.47,0.47,Matches
600,Mathew Stevens\Mathew-Stevens,eng ENG,FW,FG Rovers,21,1998,29,21,1811,4,3,0,1,2,0,0.20,0.15,0.35,0.20,0.35,Matches
601,Ben Stevenson\Ben-Stevenson,eng ENG,MF,Colchester Utd,22,1997,28,24,2167,2,1,0,0,5,0,0.08,0.04,0.12,0.08,0.12,Matches
602,Cole Stockton\Cole-Stockton,eng ENG,FW,Morecambe,25,1994,30,23,2048,5,2,0,0,2,0,0.22,0.09,0.31,0.22,0.31,Matches
603,Chris Stokes\Chris-Stokes,eng ENG,DFMF,Stevenage,28,1991,25,25,2235,0,2,0,0,4,0,0.00,0.08,0.08,0.00,0.08,Matches
604,Chris Stokes\Chris-Stokes,eng ENG,DFFW,FG Rovers,28,1991,5,5,450,0,0,0,0,0,0,0.00,0.00,0.00,0.00,0.00,Matches
605,Aiden Stone\Aiden-Stone,eng ENG,GK,Mansfield Town,20,1999,3,3,270,0,0,0,0,0,0,0.00,0.00,0.00,0.00,0.00,Matches
606,Jamie Stott\Jamie-Stott,eng ENG,DF,Oldham Athletic,21,1997,9,8,708,0,0,0,0,0,0,0.00,0.00,0.00,0.00,0.00,Matches
607,Levi Sutton\Levi-Sutton,eng ENG,MFDF,Scunthorpe Utd,23,1996,16,13,1087,0,1,0,0,4,2,0.00,0.08,0.08,0.00,0.08,Matches
608,Ritchie Sutton\Ritchie-Sutton,eng ENG,DF,Morecambe,33,1986,15,11,950,1,0,0,0,0,1,0.09,0.00,0.09,0.09,0.09,Matches
609,Pierce Sweeney\Pierce-Sweeney,ie IRL,DF,Exeter City,24,1994,36,35,3116,2,2,0,0,4,0,0.06,0.06,0.12,0.06,0.12,Matches
610,Ryan Sweeney\Ryan-Sweeney,ie IRL,DF,Mansfield Town,22,1997,33,32,2758,1,0,0,0,7,1,0.03,0.00,0.03,0.03,0.03,Matches
611,Mohamad Sylla\Mohamad-Sylla,fr FRA,MF,Oldham Athletic,25,1993,30,25,2344,1,0,0,0,5,0,0.04,0.00,0.04,0.04,0.04,Matches
612,Elias Sørensen\Elias-Sorensen,dk DEN,FW,Carlisle United,19,1999,8,1,160,0,0,0,0,0,0,0.00,0.00,0.00,0.00,0.00,Matches
613,George Taft\George-Taft,eng ENG,DF,Cambridge Utd,26,1993,27,25,2283,1,0,0,0,3,0,0.04,0.00,0.04,0.04,0.04,Matches
614,George Tanner\George-Tanner,eng ENG,DFMF,Morecambe,19,1999,23,23,2044,0,0,0,0,1,0,0.00,0.00,0.00,0.00,0.00,Matches
615,Chris Taylor\Chris-Taylor,eng ENG,MFFW,Bradford City,32,1986,14,9,794,0,0,0,0,1,0,0.00,0.00,0.00,0.00,0.00,Matches
616,Greg Taylor\Greg-Taylor,eng ENG,DF,Cambridge Utd,29,1990,30,29,2594,1,0,0,0,2,0,0.03,0.00,0.03,0.03,0.03,Matches
617,Jake Taylor\Jake-Taylor,eng ENG,MF,Port Vale,,,18,16,1475,5,1,0,0,3,0,0.31,0.06,0.37,0.31,0.37,Matches
618,Jake Taylor\Jake-Taylor,wal WAL,MF,Exeter City,27,1991,33,24,2185,2,1,0,0,3,1,0.08,0.04,0.12,0.08,0.12,Matches
619,Kyle Taylor\Kyle-Taylor,eng ENG,MFFW,FG Rovers,20,1999,5,5,351,0,0,0,0,2,1,0.00,0.00,0.00,0.00,0.00,Matches
620,Paul Taylor\Paul-Taylor,eng ENG,FWMF,Stevenage,31,1987,10,5,407,0,0,0,0,1,0,0.00,0.00,0.00,0.00,0.00,Matches
621,Ryan Taylor\Ryan-Taylor,eng ENG,FW,Plymouth Argyle,31,1988,17,7,726,2,1,0,0,0,0,0.25,0.12,0.37,0.25,0.37,Matches
622,Dom Telford\Dom-Telford,eng ENG,FW,Plymouth Argyle,22,1996,19,7,674,2,1,1,1,0,0,0.27,0.13,0.40,0.13,0.27,Matches
623,Conor Thomas\Conor-Thomas,eng ENG,MF,Cheltenham,25,1993,26,22,1922,6,1,4,4,1,0,0.28,0.05,0.33,0.09,0.14,Matches
624,Lewis Thomas\Lewis-Thomas,wal WAL,GK,FG Rovers,21,1997,15,14,1276,0,0,0,0,1,0,0.00,0.00,0.00,0.00,0.00,Matches
625,Nathan Thomas\Nathan-Thomas,eng ENG,FWMF,Carlisle United,24,1994,33,31,2633,5,4,1,1,4,0,0.17,0.14,0.31,0.14,0.27,Matches
626,Brandon Thomas-Asante\Brandon-Thomas-Asante,gh GHA,FW,Salford City,20,1998,20,15,1338,6,4,0,0,3,0,0.40,0.27,0.67,0.40,0.67,Matches
627,Oscar Threlkeld\Oscar-Threlkeld,eng ENG,DF,Salford City,24,1994,18,12,1189,0,0,0,0,2,0,0.00,0.00,0.00,0.00,0.00,Matches
628,James Tilley\James-Tilley,eng ENG,FWMF,Grimsby Town,21,1998,10,3,396,0,0,0,0,0,0,0.00,0.00,0.00,0.00,0.00,Matches
629,Jordan Tillson\Jordan-Tillson,eng ENG,DFMF,Exeter City,26,1993,2,0,13,0,0,0,0,0,0,0.00,0.00,0.00,0.00,0.00,Matches
630,Michael Timlin\Michael-Timlin,ie IRL,MF,Stevenage,34,1985,17,11,1077,0,0,0,0,5,0,0.00,0.00,0.00,0.00,0.00,Matches
631,Ben Tollitt\Ben-Tollitt,eng ENG,MF,Macclesfield,24,1994,5,4,337,0,0,0,0,0,0,0.00,0.00,0.00,0.00,0.00,Matches
632,Willem Tomlinson\Willem-Tomlinson,eng ENG,MF,Mansfield Town,21,1998,18,15,1307,1,1,0,0,4,0,0.07,0.07,0.14,0.07,0.14,Matches
633,Ibou Touray\Ibou-Touray,gm GAM,DFMF,Salford City,24,1994,35,35,3150,4,5,0,0,7,0,0.11,0.14,0.26,0.11,0.26,Matches
634,Richie Towell\Richie-Towell,ie IRL,MF,Salford City,28,1991,26,22,1922,3,2,0,0,6,1,0.14,0.09,0.23,0.14,0.23,Matches
635,Nick Townsend\Nick-Townsend,eng ENG,GK,Newport County,24,1994,5,5,450,0,0,0,0,1,0,0.00,0.00,0.00,0.00,0.00,Matches
636,Ben Tozer\Ben-Tozer,eng ENG,DF,Cheltenham,29,1990,34,34,3060,3,2,0,0,3,0,0.09,0.06,0.15,0.09,0.15,Matches
637,Shilow Tracey\Shilow-Tracey,eng ENG,MFFW,Macclesfield,21,1998,7,6,509,1,0,0,0,0,0,0.18,0.00,0.18,0.18,0.18,Matches
638,Jordan Tunnicliffe\Jordan-Tunnicliffe,eng ENG,DF,Crawley Town,25,1993,37,37,3330,1,0,0,0,2,0,0.03,0.00,0.03,0.03,0.03,Matches
639,Jamie Turley\Jamie-Turley,eng ENG,DF,Leyton Orient,29,1990,8,8,648,1,0,0,0,2,0,0.14,0.00,0.14,0.14,0.14,Matches
640,Jordan Turnbull\Jordan-Turnbull,eng ENG,DFMF,Northampton,24,1994,31,31,2700,5,0,0,0,9,0,0.17,0.00,0.17,0.17,0.17,Matches
641,Andrew Tutte\Andrew-Tutte,eng ENG,MF,Morecambe,28,1990,12,10,902,0,0,0,0,2,0,0.00,0.00,0.00,0.00,0.00,Matches
642,Scott Twine\Scott-Twine,eng ENG,FW,Swindon Town,20,1999,6,0,66,0,0,0,0,0,0,0.00,0.00,0.00,0.00,0.00,Matches
643,Terence Vancooten\Terence-Vancooten,gy GUY,DF,Stevenage,21,1997,16,12,1028,0,0,0,0,1,0,0.00,0.00,0.00,0.00,0.00,Matches
644,Luke Varney\Luke-Varney,eng ENG,FW,Cheltenham,36,1982,21,18,1467,7,3,0,0,7,1,0.43,0.18,0.61,0.43,0.61,Matches
645,Theo Vassell\Theo-Vassell,eng ENG,DF,Macclesfield,22,1997,17,17,1530,2,0,0,0,3,0,0.12,0.00,0.12,0.12,0.12,Matches
646,James Vaughan\James-Vaughan,eng ENG,FW,Bradford City,31,1988,25,23,2043,11,1,4,5,10,0,0.48,0.04,0.53,0.31,0.35,Matches
647,Kevin van Veen\Kevin-van-Veen,nl NED,FW,Scunthorpe Utd,28,1991,27,23,1904,10,2,1,1,4,1,0.47,0.09,0.57,0.43,0.52,Matches
648,Gyliano van Velzen\Gyliano-van-Velzen,nl NED,FWMF,Crawley Town,25,1994,4,0,59,0,0,0,0,1,0,0.00,0.00,0.00,0.00,0.00,Matches
649,Urko Vera\Urko-Vera,es ESP,FW,Oldham Athletic,32,1987,5,3,161,1,0,0,0,0,0,0.56,0.00,0.56,0.56,0.56,Matches
650,Charles Vernam\Charles-Vernam,eng ENG,FW,Grimsby Town,22,1996,27,19,1799,7,2,0,0,2,0,0.35,0.10,0.45,0.35,0.45,Matches
651,Lawrence Vigouroux\Lawrence-Vigouroux,cl CHI,GK,Leyton Orient,25,1993,6,6,540,0,0,0,0,0,0,0.00,0.00,0.00,0.00,0.00,Matches
652,Kane Vincent-Young\Kane-Vincent-Young,eng ENG,DF,Colchester Utd,23,1996,2,2,180,0,0,0,0,0,0,0.00,0.00,0.00,0.00,0.00,Matches
653,Stephen Walker\Stephen-Walker,eng ENG,FW,Crewe Alexandra,18,2000,6,6,471,1,1,0,0,0,0,0.19,0.19,0.38,0.19,0.38,Matches
654,Tom Walker\Tom-Walker,eng ENG,MF,Salford City,23,1995,4,0,32,0,1,0,0,0,0,0.00,2.81,2.81,0.00,2.81,Matches
655,Matthew Warburton\Matthew-Warburton,eng ENG,MFFW,Northampton,,,18,8,791,1,0,0,0,1,0,0.11,0.00,0.11,0.11,0.11,Matches
656,Elliott Ward\Elliott-Ward,eng ENG,DF,Cambridge Utd,34,1985,13,13,1108,0,1,0,0,1,0,0.00,0.08,0.08,0.00,0.08,Matches
657,Jamie Ward\Jamie-Ward,nir NIR,MFFW,Scunthorpe Utd,33,1986,6,3,306,2,2,1,1,3,0,0.59,0.59,1.18,0.29,0.88,Matches
658,Lewis Ward\Lewis-Ward,eng ENG,GK,Exeter City,22,1997,20,20,1800,0,0,0,0,0,0,0.00,0.00,0.00,0.00,0.00,Matches
659,Gary Warren\Gary-Warren,eng ENG,DF,Exeter City,34,1984,1,0,,0,0,0,0,0,0,,,,,,Matches
660,Luke Waterfall\Luke-Waterfall,eng ENG,DF,Grimsby Town,29,1990,30,30,2619,2,0,0,0,1,1,0.07,0.00,0.07,0.07,0.07,Matches
661,Billy Waters\Billy-Waters,eng ENG,MF,Northampton,24,1994,7,2,288,0,0,0,0,2,0,0.00,0.00,0.00,0.00,0.00,Matches
662,Billy Waters\Billy-Waters,eng ENG,MF,Newport County,24,1994,6,2,165,0,0,0,0,0,0,0.00,0.00,0.00,0.00,0.00,Matches
663,Rory Watson\Rory-Watson,eng ENG,GK,Scunthorpe Utd,23,1996,23,23,2035,0,0,0,0,0,0,0.00,0.00,0.00,0.00,0.00,Matches
664,Ryan Watson\Ryan-Watson,eng ENG,MF,Northampton,26,1993,25,21,1903,5,2,1,1,2,0,0.24,0.09,0.33,0.19,0.28,Matches
665,Elliot Watt\Elliot-Watt,sco SCO,MF,Carlisle United,19,2000,12,12,981,1,3,0,0,3,0,0.09,0.28,0.37,0.09,0.37,Matches
666,Kelland Watts\Kelland-Watts,eng ENG,DFMF,Mansfield Town,19,1999,7,7,623,1,0,0,0,1,0,0.14,0.00,0.14,0.14,0.14,Matches
667,Kelland Watts\Kelland-Watts,eng ENG,DFMF,Stevenage,19,1999,16,14,1270,0,0,0,0,2,0,0.00,0.00,0.00,0.00,0.00,Matches
668,Byron Webster\Byron-Webster,eng ENG,DF,Carlisle United,32,1987,32,32,2880,1,1,0,0,10,0,0.03,0.03,0.06,0.03,0.06,Matches
669,Miles Welch-Hayes\Miles-Welch-Hayes,eng ENG,DFMF,Macclesfield,22,1996,24,24,2136,1,2,0,0,5,0,0.04,0.08,0.13,0.04,0.13,Matches
670,Scott Wharton\Scott-Wharton,eng ENG,DF,Northampton,21,1997,32,30,2740,3,0,0,0,6,1,0.10,0.00,0.10,0.10,0.10,Matches
671,David Wheater\David-Wheater,eng ENG,DF,Oldham Athletic,32,1987,34,34,2960,4,0,0,0,3,2,0.12,0.00,0.12,0.12,0.12,Matches
672,Hayden White\Hayden-White,eng ENG,DFMF,Mansfield Town,24,1995,10,9,717,0,0,0,0,4,1,0.00,0.00,0.00,0.00,0.00,Matches
673,Danny Whitehead\Danny-Whitehead,eng ENG,MF,Macclesfield,25,1993,10,10,893,0,1,0,0,1,0,0.00,0.10,0.10,0.00,0.10,Matches
674,Danny Whitehead\Danny-Whitehead,eng ENG,MF,Salford City,25,1993,12,7,636,1,0,1,1,1,0,0.14,0.00,0.14,0.00,0.00,Matches
675,Elliott Whitehouse\Elliott-Whitehouse,eng ENG,MF,Grimsby Town,25,1993,33,25,2127,3,2,0,0,3,0,0.13,0.08,0.21,0.13,0.21,Matches
676,Corey Whitley\Corey-Whitley,eng ENG,MF,Newport County,28,1991,10,3,367,0,1,0,0,0,0,0.00,0.25,0.25,0.00,0.25,Matches
677,Joe Widdowson\Joe-Widdowson,eng ENG,DFMF,Leyton Orient,30,1989,16,14,1302,1,0,0,0,2,0,0.07,0.00,0.07,0.07,0.07,Matches
678,Aaron Wildig\Aaron-Wildig,wal WAL,MF,Morecambe,27,1992,28,21,1858,3,2,0,0,3,0,0.15,0.10,0.24,0.15,0.24,Matches
679,Luther Wildin\Luther-Wildin,ag ATG,DFMF,Stevenage,21,1997,21,21,1720,1,2,0,0,3,0,0.05,0.10,0.16,0.05,0.16,Matches
680,Conor Wilkinson\Conor-Wilkinson,ie IRL,FWMF,Leyton Orient,24,1995,26,23,2055,5,5,0,0,5,1,0.22,0.22,0.44,0.22,0.44,Matches
681,Andy Williams\Andy-Williams,eng ENG,FW,Northampton,32,1986,32,20,1768,8,1,0,0,1,0,0.41,0.05,0.46,0.41,0.46,Matches
682,George Williams\George-Williams,wal WAL,FW,FG Rovers,23,1995,4,2,117,1,0,0,0,1,0,0.77,0.00,0.77,0.77,0.77,Matches
683,Randell Williams\Randell-Williams,eng ENG,MF,Exeter City,22,1996,37,33,3005,5,13,0,0,4,0,0.15,0.39,0.54,0.15,0.54,Matches
684,Robbie Willmott\Robbie-Willmott,eng ENG,MF,Newport County,29,1990,27,26,2284,0,4,0,0,2,0,0.00,0.16,0.16,0.00,0.16,Matches
685,Donovan Wilson\Donovan-Wilson,eng ENG,MF,Macclesfield,22,1997,5,1,92,0,1,0,0,0,0,0.00,0.98,0.98,0.00,0.98,Matches
686,James Wilson\James-Wilson,eng ENG,FW,Salford City,23,1995,5,4,332,2,1,0,0,0,0,0.54,0.27,0.81,0.54,0.81,Matches
687,Scott Wilson\Scott-Wilson,eng ENG,FW,Oldham Athletic,26,1993,21,8,994,2,1,0,0,2,0,0.18,0.09,0.27,0.18,0.27,Matches
688,Carl Winchester\Carl-Winchester,nir NIR,MF,FG Rovers,26,1993,35,35,3150,5,1,2,2,6,0,0.14,0.03,0.17,0.09,0.11,Matches
689,Ryan Wintle\Ryan-Wintle,eng ENG,MFDF,Crewe Alexandra,22,1997,37,37,3330,3,4,0,0,1,0,0.08,0.11,0.19,0.08,0.19,Matches
690,Scott Wiseman\Scott-Wiseman,eng ENG,DFMF,Salford City,33,1985,25,25,2246,0,3,0,0,1,0,0.00,0.12,0.12,0.00,0.12,Matches
691,Jojo Wollacott\Jojo-Wollacott,eng ENG,GK,FG Rovers,22,1996,10,9,792,0,0,0,0,0,1,0.00,0.00,0.00,0.00,0.00,Matches
692,Connor Wood\Connor-Wood,eng ENG,DFMF,Bradford City,23,1996,35,35,3122,0,6,0,0,1,0,0.00,0.17,0.17,0.00,0.17,Matches
693,Craig Woodman\Craig-Woodman,eng ENG,MFDF,Exeter City,36,1982,6,4,359,0,0,0,0,0,0,0.00,0.00,0.00,0.00,0.00,Matches
694,Gary Woods\Gary-Woods,eng ENG,GK,Oldham Athletic,28,1990,15,15,1305,0,0,0,0,0,0,0.00,0.00,0.00,0.00,0.00,Matches
695,Kaiyne Woolery\Kaiyne-Woolery,eng ENG,MF,Swindon Town,24,1995,34,20,2038,2,7,0,0,3,0,0.09,0.31,0.40,0.09,0.40,Matches
696,Kyle Wootton\Kyle-Wootton,eng ENG,MFFW,Scunthorpe Utd,22,1996,5,4,358,0,0,0,0,2,0,0.00,0.00,0.00,0.00,0.00,Matches
697,Scott Wootton\Scott-Wootton,eng ENG,DF,Plymouth Argyle,27,1991,35,34,3066,1,1,0,0,7,0,0.03,0.03,0.06,0.03,0.06,Matches
698,David Worrall\David-Worrall,eng ENG,FWMF,Port Vale,29,1990,34,34,3051,4,11,0,0,5,1,0.12,0.32,0.44,0.12,0.44,Matches
699,Josh Wright\Josh-Wright,eng ENG,MF,Leyton Orient,29,1989,35,33,2958,8,4,3,4,4,0,0.24,0.12,0.37,0.15,0.27,Matches
700,Max Wright\Max-Wright,eng ENG,FW,Grimsby Town,21,1998,25,12,1102,2,2,0,0,4,0,0.16,0.16,0.33,0.16,0.33,Matches
701,Jerry Yates\Jerry-Yates,eng ENG,FWMF,Swindon Town,22,1996,31,30,2598,13,1,1,1,2,0,0.45,0.03,0.48,0.42,0.45,Matches
702,Lewis Young\Lewis-Young,eng ENG,DF,Crawley Town,29,1989,15,13,1169,1,2,0,0,1,1,0.08,0.15,0.23,0.08,0.23,Matches
703,Gabriel Zakuani\Gabriel-Zakuani,cd COD,DF,Swindon Town,33,1986,6,5,450,0,0,0,0,0,0,0.00,0.00,0.00,0.00,0.00,Matches