,,,,,,,Playing Time,Playing Time,Playing Time,Performance,Performance,Performance,Performance,Performance,Performance,Per 90 Minutes,Per 90 Minutes,Per 90 Minutes,Per 90 Minutes,Per 90 Minutes,
Rk,Player,Nation,Pos,Squad,Age,Born,MP,Starts,Min,Gls,Ast,PK,PKatt,CrdY,CrdR,Gls,Ast,G+A,G-PK,G+A-PK,Matches
1,Rolando Aarons\Rolando-Aarons,eng ENG,FWMF,Wycombe,23,1995,10,5,472,1,0,0,0,2,0,0.19,0.00,0.19,0.19,0.19,Matches
2,Adam El-Abd\Adam-El-Abd,eg EGY,DF,Wycombe,34,1984,2,2,180,0,0,0,0,1,0,0.00,0.00,0.00,0.00,0.00,Matches
3,Timmy Abraham\Timmy-Abraham,eng ENG,FW,Bristol Rovers,18,2000,4,0,75,0,0,0,0,0,0,0.00,0.00,0.00,0.00,0.00,Matches
4,Emile Acauah\Emile-Acauah,eng ENG,FW,Southend United,,,7,0,116,1,0,0,0,2,1,0.78,0.00,0.78,0.78,0.78,Matches
5,Victor Adeboyejo\Victor-Adeboyejo,eng ENG,FW,Bristol Rovers,21,1998,18,6,700,1,0,0,0,1,0,0.13,0.00,0.13,0.13,0.13,Matches
6,Hakeeb Adelakun\Hakeeb-Adelakun,eng ENG,MF,Rotherham Utd,23,1996,9,8,635,0,0,0,0,0,0,0.00,0.00,0.00,0.00,0.00,Matches
7,Kieran Agard\Kieran-Agard,eng ENG,FW,MK Dons,29,1989,19,11,958,2,1,0,0,1,1,0.19,0.09,0.28,0.19,0.28,Matches
8,Dan Agyei\Dan-Agyei,eng ENG,FW,Oxford United,22,1997,13,1,255,3,0,0,0,0,0,1.06,0.00,1.06,1.06,1.06,Matches
9,John Akinde\John-Akinde,eng ENG,FWMF,Gillingham,30,1989,9,7,649,1,1,0,0,1,0,0.14,0.14,0.28,0.14,0.28,Matches
10,John Akinde\John-Akinde,eng ENG,FW,Lincoln City,30,1989,23,3,740,5,2,1,1,1,0,0.61,0.24,0.85,0.49,0.73,Matches
11,Adebayo Akinfenwa\Adebayo-Akinfenwa,eng ENG,FW,Wycombe,37,1982,32,20,1989,10,5,2,2,6,1,0.45,0.23,0.68,0.36,0.59,Matches
12,Lucas Akins\Lucas-Akins,eng ENG,FWMF,Burton Albion,30,1989,35,35,3142,9,4,3,5,2,0,0.26,0.11,0.37,0.17,0.29,Matches
13,Ajibola Alese\Ajibola-Alese,eng ENG,DF,Acc'ton Stanley,19,2000,10,6,633,0,0,0,0,2,0,0.00,0.00,0.00,0.00,0.00,Matches
14,Matthew Alexander\Matthew-Alexander,eng ENG,GK,Bolton,,,1,1,90,0,0,0,0,0,0,0.00,0.00,0.00,0.00,0.00,Matches
15,Jamie Allen\Jamie-Allen,eng ENG,MF,Coventry City,24,1995,11,7,605,1,3,0,0,0,0,0.15,0.45,0.60,0.15,0.60,Matches
16,Ryan Allsop\Ryan-Allsop,eng ENG,GK,Wycombe,27,1992,32,32,2880,0,0,0,0,3,0,0.00,0.00,0.00,0.00,0.00,Matches
17,Jak Alnwick\Jak-Alnwick,eng ENG,GK,Blackpool,26,1993,22,22,1920,0,0,0,0,1,0,0.00,0.00,0.00,0.00,0.00,Matches
18,Danny Amos\Danny-Amos,nir NIR,DF,Doncaster,19,1999,2,2,180,0,0,0,0,0,0,0.00,0.00,0.00,0.00,0.00,Matches
19,Harry Anderson\Harry-Anderson,eng ENG,MF,Lincoln City,22,1997,30,24,1995,5,4,0,0,1,0,0.23,0.18,0.41,0.23,0.41,Matches
20,Jevan Anderson\Jevan-Anderson,sco SCO,DF,Burton Albion,19,2000,1,0,,0,0,0,0,0,0,,,,,,Matches
21,Tom Anderson\Tom-Anderson,eng ENG,DF,Doncaster,25,1993,32,32,2838,1,0,0,0,5,1,0.03,0.00,0.03,0.03,0.03,Matches
22,Nick Anderton\Nick-Anderton,eng ENG,DF,Blackpool,23,1996,2,1,96,0,0,0,0,0,0,0.00,0.00,0.00,0.00,0.00,Matches
23,Bruno Andrade\Bruno-Andrade,pt POR,MF,Lincoln City,25,1993,17,11,1089,1,1,0,0,2,0,0.08,0.08,0.17,0.08,0.17,Matches
24,Calvin Andrew\Calvin-Andrew,eng ENG,MFFW,Rochdale,32,1986,20,3,516,0,0,0,0,2,0,0.00,0.00,0.00,0.00,0.00,Matches
25,Danny Andrew\Danny-Andrew,eng ENG,DF,Fleetwood Town,28,1990,35,35,3083,2,1,0,0,5,0,0.06,0.03,0.09,0.06,0.09,Matches
26,Kwesi Appiah\Kwesi-Appiah,gh GHA,FW,AFC Wimbledon,28,1990,19,9,862,4,1,1,1,4,0,0.42,0.10,0.52,0.31,0.42,Matches
27,Jordan Archer\Jordan-Archer,sco SCO,GK,Oxford United,26,1993,6,6,540,0,0,0,0,0,0,0.00,0.00,0.00,0.00,0.00,Matches
28,Bernard Ashley-Seal\Bernard-Ashley-Seal,eng ENG,FW,Acc'ton Stanley,20,1998,5,3,257,0,0,0,0,0,0,0.00,0.00,0.00,0.00,0.00,Matches
29,Dylan Asonganyi\Dylan-Asonganyi,eng ENG,FW,MK Dons,,,3,0,81,0,0,0,0,0,0,0.00,0.00,0.00,0.00,0.00,Matches
30,Kwadwo Baah\Kwadwo-Baah,,MFFW,Rochdale,,,7,4,340,0,0,0,0,3,0,0.00,0.00,0.00,0.00,0.00,Matches
31,Amadou Bakayoko\Amadou-Bakayoko,sl SLE,FW,Coventry City,23,1996,23,11,1054,4,0,0,0,2,0,0.34,0.00,0.34,0.34,0.34,Matches
32,Courtney Baker-Richardson\Courtney-Baker-Richardson,eng ENG,FW,Acc'ton Stanley,23,1995,2,2,107,0,1,0,0,0,0,0.00,0.84,0.84,0.00,0.84,Matches
33,Ollie Banks\Ollie-Banks,eng ENG,MF,Tranmere Rovers,26,1992,11,8,751,3,0,0,0,4,1,0.36,0.00,0.36,0.36,0.36,Matches
34,Will Bapaga\Will-Bapaga,eng ENG,MF,Coventry City,,,1,0,3,0,0,0,0,0,0,0.00,0.00,0.00,0.00,0.00,Matches
35,Alex Baptiste\Alex-Baptiste,eng ENG,DF,Doncaster,33,1986,2,2,119,0,0,0,0,0,0,0.00,0.00,0.00,0.00,0.00,Matches
36,Shandon Baptiste\Shandon-Baptiste,gd GRN,MF,Oxford United,21,1998,17,9,985,1,1,0,0,3,0,0.09,0.09,0.18,0.09,0.18,Matches
37,Ben Barclay\Ben-Barclay,eng ENG,MF,Acc'ton Stanley,22,1996,8,8,617,0,0,0,0,2,0,0.00,0.00,0.00,0.00,0.00,Matches
38,Daniel Barlaser\Daniel-Barlaser,tr TUR,MF,Rotherham Utd,22,1997,27,24,1979,2,5,0,0,2,0,0.09,0.23,0.32,0.09,0.32,Matches
39,Sam Barratt\Sam-Barratt,eng ENG,MF,Southend United,23,1995,9,3,329,0,0,0,0,0,0,0.00,0.00,0.00,0.00,0.00,Matches
40,Josh Barrett\Josh-Barrett,ie IRL,FWMF,Bristol Rovers,21,1998,7,3,268,0,0,0,0,0,0,0.00,0.00,0.00,0.00,0.00,Matches
41,Alex Bass\Alex-Bass,eng ENG,GK,Portsmouth,21,1998,15,15,1350,0,0,0,0,1,0,0.00,0.00,0.00,0.00,0.00,Matches
42,Mads Bech Sørensen\Mads-Bech-Sorensen,dk DEN,DF,AFC Wimbledon,20,1999,9,9,744,0,0,0,0,0,0,0.00,0.00,0.00,0.00,0.00,Matches
43,Omar Beckles\Omar-Beckles,gd GRN,DF,Shrewsbury,27,1991,28,25,2410,3,1,0,0,4,0,0.11,0.04,0.15,0.11,0.15,Matches
44,Mark Beevers\Mark-Beevers,eng ENG,DF,P'borough Utd,29,1989,32,32,2876,0,0,0,0,3,1,0.00,0.00,0.00,0.00,0.00,Matches
45,Kyle Bennett\Kyle-Bennett,eng ENG,MFFW,Bristol Rovers,28,1990,12,2,323,0,0,0,0,1,0,0.00,0.00,0.00,0.00,0.00,Matches
46,Rhys Bennett\Rhys-Bennett,eng ENG,DF,P'borough Utd,27,1991,13,7,704,0,0,0,0,1,0,0.00,0.00,0.00,0.00,0.00,Matches
47,Maxime Biamou\Maxime-Biamou,fr FRA,FWMF,Coventry City,28,1990,18,5,653,4,1,0,0,0,1,0.55,0.14,0.69,0.55,0.69,Matches
48,Harrison Biggins\Harrison-Biggins,eng ENG,MF,Fleetwood Town,23,1996,10,5,338,0,0,0,0,1,0,0.00,0.00,0.00,0.00,0.00,Matches
49,Rakish Bingham\Rakish-Bingham,eng ENG,FWMF,Doncaster,25,1993,8,3,326,1,0,0,0,1,0,0.28,0.00,0.28,0.28,0.28,Matches
50,Colby Bishop\Colby-Bishop,eng ENG,FW,Acc'ton Stanley,22,1996,27,24,2064,10,1,3,4,1,0,0.44,0.04,0.48,0.31,0.35,Matches
51,Nathan Bishop\Nathan-Bishop,eng ENG,GK,Southend United,19,1999,12,12,1080,0,0,0,0,1,0,0.00,0.00,0.00,0.00,0.00,Matches
52,Teddy Bishop\Teddy-Bishop,eng ENG,MFFW,Ipswich Town,23,1996,9,2,242,0,0,0,0,0,0,0.00,0.00,0.00,0.00,0.00,Matches
53,Corey Blackett-Taylor\Corey-Blackett-Taylor,eng ENG,MF,Tranmere Rovers,21,1997,24,13,1291,2,2,0,0,2,2,0.14,0.14,0.28,0.14,0.28,Matches
54,Andre Blackman\Andre-Blackman,eng ENG,DF,Southend United,28,1990,3,1,88,0,0,0,0,0,0,0.00,0.00,0.00,0.00,0.00,Matches
55,Jamal Blackman\Jamal-Blackman,eng ENG,GK,Bristol Rovers,25,1993,10,10,900,0,0,0,0,0,0,0.00,0.00,0.00,0.00,0.00,Matches
56,Matty Blair\Matty-Blair,eng ENG,MF,Doncaster,30,1989,12,3,290,0,0,0,0,1,0,0.00,0.00,0.00,0.00,0.00,Matches
57,Frazer Blake-Tracy\Frazer-Blake-Tracy,eng ENG,DF,P'borough Utd,,,14,11,993,0,2,0,0,2,0,0.00,0.18,0.18,0.00,0.18,Matches
58,Matt Bloomfield\Matt-Bloomfield,eng ENG,MF,Wycombe,35,1984,27,22,1659,2,0,0,0,3,0,0.11,0.00,0.11,0.11,0.11,Matches
59,Hiram Boateng\Hiram-Boateng,eng ENG,MFFW,MK Dons,23,1996,20,14,1163,0,1,0,0,3,0,0.00,0.08,0.08,0.00,0.08,Matches
60,Marc Bola\Marc-Bola,eng ENG,DFMF,Blackpool,21,1997,5,5,450,0,0,0,0,1,0,0.00,0.00,0.00,0.00,0.00,Matches
61,Cian Bolger\Cian-Bolger,ie IRL,DF,Lincoln City,27,1992,28,25,2381,0,1,0,0,7,1,0.00,0.04,0.04,0.00,0.04,Matches
62,James Bolton\James-Bolton,eng ENG,DF,Portsmouth,24,1994,23,20,1786,1,3,0,0,0,0,0.05,0.15,0.20,0.05,0.20,Matches
63,Jack Bonham\Jack-Bonham,ie IRL,GK,Gillingham,25,1993,35,35,3150,0,0,0,0,0,0,0.00,0.00,0.00,0.00,0.00,Matches
64,Jordan Boon\Jordan-Boon,eng ENG,DF,Bolton,,,3,1,134,0,0,0,0,0,0,0.00,0.00,0.00,0.00,0.00,Matches
65,Cameron Borthwick-Jackson\Cameron-Borthwick-Jackson,eng ENG,MF,Tranmere Rovers,22,1997,3,1,187,0,1,0,0,1,0,0.00,0.48,0.48,0.00,0.48,Matches
66,Michael Bostwick\Michael-Bostwick,eng ENG,DF,Lincoln City,31,1988,18,16,1364,1,0,0,0,4,0,0.07,0.00,0.07,0.07,0.07,Matches
67,Jordan Bowery\Jordan-Bowery,eng ENG,FW,MK Dons,28,1991,16,10,941,2,1,0,0,1,0,0.19,0.10,0.29,0.19,0.29,Matches
68,Liam Boyce\Liam-Boyce,nir NIR,FW,Burton Albion,28,1991,25,17,1700,8,3,0,0,2,0,0.42,0.16,0.58,0.42,0.58,Matches
69,George Boyd\George-Boyd,sco SCO,MF,P'borough Utd,33,1985,22,17,1524,0,4,0,0,2,0,0.00,0.24,0.24,0.00,0.24,Matches
70,Lewis Bradley\Lewis-Bradley,eng ENG,MF,Rochdale,18,2001,2,0,8,0,0,0,0,0,0,0.00,0.00,0.00,0.00,0.00,Matches
71,Cameron Brannagan\Cameron-Brannagan,eng ENG,MF,Oxford United,23,1996,30,29,2491,5,5,0,0,8,0,0.18,0.18,0.36,0.18,0.36,Matches
72,John Brayford\John-Brayford,eng ENG,DF,Burton Albion,31,1987,32,29,2518,2,0,0,0,1,0,0.07,0.00,0.07,0.07,0.07,Matches
73,Liam Bridcutt\Liam-Bridcutt,sco SCO,MFDF,Bolton,30,1989,11,11,851,0,0,0,0,2,0,0.00,0.00,0.00,0.00,0.00,Matches
74,Liam Bridcutt\Liam-Bridcutt,sco SCO,MF,Lincoln City,30,1989,5,5,450,1,0,0,0,2,0,0.20,0.00,0.20,0.20,0.20,Matches
75,Callum Brittain\Callum-Brittain,eng ENG,MFDF,MK Dons,21,1998,31,28,2490,1,0,0,0,3,0,0.04,0.00,0.04,0.04,0.04,Matches
76,Nathan Broadhead\Nathan-Broadhead,wal WAL,FWMF,Burton Albion,21,1998,19,12,1033,2,2,0,0,1,0,0.17,0.17,0.35,0.17,0.35,Matches
77,Harry Brockbank\Harry-Brockbank,eng ENG,DF,Bolton,20,1998,6,5,458,0,0,0,0,2,0,0.00,0.00,0.00,0.00,0.00,Matches
78,Eddie Brown\Eddie-Brown,eng ENG,FW,Bolton,,,5,4,363,0,0,0,0,1,0,0.00,0.00,0.00,0.00,0.00,Matches
79,Lee Brown\Lee-Brown,eng ENG,DF,Portsmouth,28,1990,16,16,1346,1,0,0,0,3,0,0.07,0.00,0.07,0.07,0.07,Matches
80,Reece Brown\Reece-Brown,eng ENG,MF,P'borough Utd,23,1996,10,10,767,0,0,0,0,1,0,0.00,0.00,0.00,0.00,0.00,Matches
81,De''Marlio Brown-Sterling\DeMarlio-Brown-Sterling,eng ENG,FW,Bolton,,,2,1,100,0,0,0,0,0,0,0.00,0.00,0.00,0.00,0.00,Matches
82,Marcus Browne\Marcus-Browne,eng ENG,MFFW,Oxford United,21,1997,11,8,764,4,4,0,0,3,0,0.47,0.47,0.94,0.47,0.94,Matches
83,Kean Bryan\Kean-Bryan,eng ENG,DFMF,Bolton,22,1996,6,6,535,1,0,0,0,2,0,0.17,0.00,0.17,0.17,0.17,Matches
84,Will Buckley\Will-Buckley,eng ENG,FWMF,Bolton,29,1989,5,3,310,0,1,0,0,2,0,0.00,0.29,0.29,0.00,0.29,Matches
85,Joe Bunney\Joe-Bunney,eng ENG,DF,Bolton,25,1993,2,1,74,0,0,0,0,0,0,0.00,0.00,0.00,0.00,0.00,Matches
86,Lee Burge\Lee-Burge,eng ENG,GK,Sunderland,26,1993,5,5,405,0,0,0,0,0,0,0.00,0.00,0.00,0.00,0.00,Matches
87,Christian Burgess\Christian-Burgess,eng ENG,DF,Portsmouth,27,1991,32,31,2796,3,0,0,0,10,0,0.10,0.00,0.10,0.10,0.10,Matches
88,Wes Burns\Wes-Burns,wal WAL,FWMF,Fleetwood Town,24,1994,34,31,2721,2,4,0,0,4,0,0.07,0.13,0.20,0.07,0.20,Matches
89,Harrison Burrows\Harrison-Burrows,eng ENG,MF,P'borough Utd,17,2002,4,2,152,0,0,0,0,0,0,0.00,0.00,0.00,0.00,0.00,Matches
90,Josef Bursik\Josef-Bursik,eng ENG,GK,Acc'ton Stanley,19,2000,16,16,1440,0,0,0,0,0,0,0.00,0.00,0.00,0.00,0.00,Matches
91,Rocky Bushiri\Rocky-Bushiri,be BEL,DF,Blackpool,19,1999,4,2,145,0,0,0,0,1,0,0.00,0.00,0.00,0.00,0.00,Matches
92,Dan Butler\Dan-Butler,eng ENG,MFDF,P'borough Utd,24,1994,29,26,2290,2,5,0,0,7,0,0.08,0.20,0.28,0.08,0.28,Matches
93,Jake Buxton\Jake-Buxton,eng ENG,DF,Burton Albion,34,1985,24,20,1776,1,0,0,0,4,0,0.05,0.00,0.05,0.05,0.05,Matches
94,Elvis Bwomono\Elvis-Bwomono,eng ENG,DFMF,Southend United,20,1998,34,34,3048,1,3,0,0,3,0,0.03,0.09,0.12,0.03,0.12,Matches
95,Mark Byrne\Mark-Byrne,ie IRL,MF,Gillingham,30,1988,18,16,1457,0,1,0,0,7,0,0.00,0.06,0.06,0.00,0.06,Matches
96,Chris Cadden\Chris-Cadden,sco SCO,DF,Oxford United,22,1996,21,21,1843,0,4,0,0,0,0,0.00,0.20,0.20,0.00,0.20,Matches
97,Alex Cairns\Alex-Cairns,eng ENG,GK,Fleetwood Town,26,1993,25,25,2250,0,0,0,0,5,0,0.00,0.00,0.00,0.00,0.00,Matches
98,Callum Camps\Callum-Camps,nir NIR,MFFW,Rochdale,23,1995,28,28,2518,6,6,0,0,6,0,0.21,0.21,0.43,0.21,0.43,Matches
99,Andy Cannon\Andy-Cannon,eng ENG,MF,Portsmouth,23,1996,18,13,1083,1,1,0,0,3,0,0.08,0.08,0.17,0.08,0.17,Matches
100,Jake Caprice\Jake-Caprice,eng ENG,DFMF,Tranmere Rovers,26,1992,20,19,1678,0,1,0,0,0,0,0.00,0.05,0.05,0.00,0.05,Matches
101,Baily Cargill\Baily-Cargill,eng ENG,DF,MK Dons,24,1995,12,7,740,0,2,0,0,1,1,0.00,0.24,0.24,0.00,0.24,Matches
102,Wilson Carvalho\Wilson-Carvalho,eng ENG,MF,Acc'ton Stanley,26,1993,8,1,112,0,1,0,0,1,0,0.00,0.80,0.80,0.00,0.80,Matches
103,Luke Chambers\Luke-Chambers,eng ENG,DF,Ipswich Town,33,1985,31,31,2787,1,1,0,0,5,1,0.03,0.03,0.06,0.03,0.06,Matches
104,Aaron Chapman\Aaron-Chapman,eng ENG,GK,Tranmere Rovers,29,1990,6,6,540,0,0,0,0,0,0,0.00,0.00,0.00,0.00,0.00,Matches
105,Ellis Chapman\Ellis-Chapman,eng ENG,MF,Lincoln City,18,2001,11,5,482,0,0,0,0,1,0,0.00,0.00,0.00,0.00,0.00,Matches
106,Darius Charles\Darius-Charles,eng ENG,DF,Wycombe,31,1987,25,25,2250,2,1,0,0,1,0,0.08,0.04,0.12,0.08,0.12,Matches
107,Dion Charles\Dion-Charles,nir NIR,FWMF,Acc'ton Stanley,23,1995,33,26,2344,8,3,1,2,2,0,0.31,0.12,0.42,0.27,0.38,Matches
108,Regan Charles-Cook\Regan-Charles-Cook,eng ENG,MFFW,Gillingham,22,1997,15,5,396,3,0,0,0,0,0,0.68,0.00,0.68,0.68,0.68,Matches
109,Adam Chicksen\Adam-Chicksen,zw ZIM,DF,Bolton,27,1991,16,14,1337,0,0,0,0,1,0,0.00,0.00,0.00,0.00,0.00,Matches
110,Ousseynou Cissé\Ousseynou-Cisse,ml MLI,MF,Gillingham,28,1991,2,2,145,1,0,0,0,0,0,0.62,0.00,0.62,0.62,0.62,Matches
111,Jordan Clark\Jordan-Clark,eng ENG,MF,Acc'ton Stanley,25,1993,34,34,3060,6,5,0,0,4,0,0.18,0.15,0.32,0.18,0.32,Matches
112,Ollie Clarke\Ollie-Clarke,eng ENG,MF,Bristol Rovers,27,1992,27,26,2268,1,3,0,0,10,1,0.04,0.12,0.16,0.04,0.16,Matches
113,Peter Clarke\Peter-Clarke,eng ENG,DF,Fleetwood Town,37,1982,12,11,913,1,1,0,0,3,0,0.10,0.10,0.20,0.10,0.20,Matches
114,Peter Clarke\Peter-Clarke,eng ENG,DF,Tranmere Rovers,37,1982,6,6,540,0,1,0,0,2,0,0.00,0.17,0.17,0.00,0.17,Matches
115,Trevor Clarke\Trevor-Clarke,ie IRL,MF,Rotherham Utd,21,1998,8,4,328,0,0,0,0,3,0,0.00,0.00,0.00,0.00,0.00,Matches
116,Jonson Clarke-Harris\Jonson-Clarke-Harris,eng ENG,FW,Bristol Rovers,25,1994,26,24,2087,13,1,4,5,4,0,0.56,0.04,0.60,0.39,0.43,Matches
117,Tom Clifford\Tom-Clifford,eng ENG,DFMF,Southend United,,,8,8,720,0,0,0,0,0,0,0.00,0.00,0.00,0.00,0.00,Matches
118,Ben Close\Ben-Close,eng ENG,MF,Portsmouth,22,1996,29,27,2415,3,2,0,0,3,0,0.11,0.07,0.19,0.11,0.19,Matches
119,Kenny Coker\Kenny-Coker,,MF,Southend United,,,2,0,22,0,0,0,0,0,0,0.00,0.00,0.00,0.00,0.00,Matches
120,Devante Cole\Devante-Cole,eng ENG,FW,Doncaster,24,1995,9,5,470,0,0,0,0,0,0,0.00,0.00,0.00,0.00,0.00,Matches
121,Séamus Conneely\Seamus-Conneely,ie IRL,MF,Acc'ton Stanley,31,1988,31,30,2678,1,2,0,0,7,1,0.03,0.07,0.10,0.03,0.10,Matches
122,Callum Connolly\Callum-Connolly,eng ENG,MFDF,Lincoln City,21,1997,11,9,751,0,1,0,0,3,0,0.00,0.12,0.12,0.00,0.12,Matches
123,Callum Connolly\Callum-Connolly,eng ENG,DFMF,Fleetwood Town,21,1997,13,13,989,2,0,0,0,4,0,0.18,0.00,0.18,0.18,0.18,Matches
124,Dylan Connolly\Dylan-Connolly,ie IRL,MF,AFC Wimbledon,24,1995,3,0,47,0,0,0,0,0,0,0.00,0.00,0.00,0.00,0.00,Matches
125,Andy Cook\Andy-Cook,eng ENG,FW,Tranmere Rovers,28,1990,5,5,417,0,0,0,0,2,0,0.00,0.00,0.00,0.00,0.00,Matches
126,James Coppinger\James-Coppinger,eng ENG,MF,Doncaster,38,1981,29,24,2053,3,7,0,0,1,0,0.13,0.31,0.44,0.13,0.44,Matches
127,Paul Coutts\Paul-Coutts,sco SCO,MF,Fleetwood Town,31,1988,32,28,2520,0,1,0,0,7,0,0.00,0.04,0.04,0.00,0.04,Matches
128,Conor Coventry\Conor-Coventry,ie IRL,MF,Lincoln City,19,2000,7,5,468,0,0,0,0,1,0,0.00,0.00,0.00,0.00,0.00,Matches
129,Simon Cox\Simon-Cox,ie IRL,FWMF,Southend United,32,1987,19,16,1430,3,1,0,0,2,0,0.19,0.06,0.25,0.19,0.25,Matches
130,Lewie Coyle\Lewie-Coyle,eng ENG,DF,Fleetwood Town,23,1995,34,34,3020,1,5,0,0,7,0,0.03,0.15,0.18,0.03,0.18,Matches
131,Tony Craig\Tony-Craig,eng ENG,DF,Bristol Rovers,34,1985,34,34,3050,2,1,0,0,6,0,0.06,0.03,0.09,0.06,0.09,Matches
132,Ali Crawford\Ali-Crawford,sco SCO,MF,Bolton,28,1991,12,12,1012,0,5,0,0,0,0,0.00,0.44,0.44,0.00,0.44,Matches
133,Ali Crawford\Ali-Crawford,sco SCO,MF,Doncaster,28,1991,1,0,6,0,0,0,0,0,0,0.00,0.00,0.00,0.00,0.00,Matches
134,William Crellin\William-Crellin,eng ENG,GK,Fleetwood Town,19,2000,5,5,450,0,0,0,0,0,0,0.00,0.00,0.00,0.00,0.00,Matches
135,Matt Crooks\Matt-Crooks,eng ENG,MF,Rotherham Utd,25,1994,33,31,2683,9,2,0,0,9,0,0.30,0.07,0.37,0.30,0.37,Matches
136,Jason Cummings\Jason-Cummings,sco SCO,FW,Shrewsbury,23,1995,24,13,1109,4,1,0,0,1,0,0.32,0.08,0.41,0.32,0.41,Matches
137,Ronan Curtis\Ronan-Curtis,ie IRL,MF,Portsmouth,23,1996,33,31,2787,11,5,0,0,4,0,0.36,0.16,0.52,0.36,0.52,Matches
138,Fankaty Dabo\Fankaty-Dabo,eng ENG,MFDF,Coventry City,23,1995,32,32,2798,0,3,0,0,9,1,0.00,0.10,0.10,0.00,0.10,Matches
139,James Daly\James-Daly,eng ENG,FW,Bristol Rovers,19,2000,3,1,103,0,0,0,0,0,0,0.00,0.00,0.00,0.00,0.00,Matches
140,Colin Daniel\Colin-Daniel,eng ENG,DFMF,Burton Albion,31,1988,24,19,1714,0,2,0,0,1,0,0.00,0.11,0.11,0.00,0.11,Matches
141,Donervon Daniels\Donervon-Daniels,ms MSR,DF,Doncaster,25,1993,10,8,704,0,1,0,0,2,0,0.00,0.13,0.13,0.00,0.13,Matches
142,Neil Danns\Neil-Danns,gy GUY,MF,Tranmere Rovers,36,1982,18,13,1262,0,0,0,0,4,0,0.00,0.00,0.00,0.00,0.00,Matches
143,Ronan Darcy\Ronan-Darcy,eng ENG,MFFW,Bolton,18,2000,19,14,1239,1,2,0,0,4,0,0.07,0.15,0.22,0.07,0.22,Matches
144,Scott Davies\Scott-Davies,eng ENG,GK,Tranmere Rovers,32,1987,28,28,2462,0,1,0,0,3,0,0.00,0.04,0.04,0.00,0.04,Matches
145,Tom Davies\Tom-Davies,eng ENG,DF,Bristol Rovers,27,1992,19,18,1636,1,0,0,0,6,0,0.06,0.00,0.06,0.06,0.06,Matches
146,Joe Day\Joe-Day,eng ENG,GK,AFC Wimbledon,28,1990,9,9,810,0,0,0,0,0,0,0.00,0.00,0.00,0.00,0.00,Matches
147,Laurens De Bock\Laurens-De-Bock,be BEL,DFMF,Sunderland,26,1992,5,4,326,0,0,0,0,0,0,0.00,0.00,0.00,0.00,0.00,Matches
148,Ryan Delaney\Ryan-Delaney,ie IRL,DF,Bolton,22,1996,4,2,211,1,0,0,0,0,0,0.43,0.00,0.43,0.43,0.43,Matches
149,Ryan Delaney\Ryan-Delaney,ie IRL,DF,AFC Wimbledon,22,1996,14,13,1143,1,1,0,0,3,0,0.08,0.08,0.16,0.08,0.16,Matches
150,Nathan Delfouneso\Nathan-Delfouneso,eng ENG,FWMF,Blackpool,28,1991,28,21,1883,3,1,0,0,1,0,0.14,0.05,0.19,0.14,0.19,Matches
151,Siriki Dembélé\Siriki-Dembele,ci CIV,FWMF,P'borough Utd,22,1996,25,12,1309,5,7,0,0,1,1,0.34,0.48,0.83,0.34,0.83,Matches
152,Jason Demetriou\Jason-Demetriou,cy CYP,MFDF,Southend United,31,1987,20,15,1309,3,1,3,3,5,0,0.21,0.07,0.28,0.00,0.07,Matches
153,Kyle Dempsey\Kyle-Dempsey,eng ENG,MF,Fleetwood Town,23,1995,21,19,1636,1,1,0,0,2,0,0.06,0.06,0.11,0.06,0.11,Matches
154,Kiernan Dewsbury Hall\Kiernan-Dewsbury-Hall,eng ENG,MF,Blackpool,20,1998,10,9,855,4,1,0,0,3,0,0.42,0.11,0.53,0.42,0.53,Matches
155,Sadou Diallo\Sadou-Diallo,eng ENG,MF,Acc'ton Stanley,20,1999,9,6,528,0,0,0,0,1,0,0.00,0.00,0.00,0.00,0.00,Matches
156,Ben Dickenson\Ben-Dickenson,eng ENG,MFFW,MK Dons,26,1993,7,2,199,0,0,0,0,0,0,0.00,0.00,0.00,0.00,0.00,Matches
157,Robert Dickie\Robert-Dickie,eng ENG,DF,Oxford United,23,1996,34,34,3015,0,4,0,0,8,0,0.00,0.12,0.12,0.00,0.12,Matches
158,Timothée Dieng\Timothee-Dieng,fr FRA,DFMF,Southend United,27,1992,21,21,1776,2,0,0,0,4,0,0.10,0.00,0.10,0.10,0.10,Matches
159,Timothy Dieng\Timothy-Dieng,sn SEN,GK,Doncaster,24,1994,27,27,2430,0,0,0,0,1,0,0.00,0.00,0.00,0.00,0.00,Matches
160,Armando Dobra\Armando-Dobra,al ALB,MF,Ipswich Town,18,2001,3,0,79,0,0,0,0,1,1,0.00,0.00,0.00,0.00,0.00,Matches
161,George Dobson\George-Dobson,eng ENG,MF,Sunderland,21,1997,29,26,2317,0,1,0,0,10,1,0.00,0.04,0.04,0.00,0.04,Matches
162,Joe Dodoo\Joe-Dodoo,eng ENG,MFFW,Bolton,24,1995,24,16,1619,4,4,0,0,1,0,0.22,0.22,0.44,0.22,0.44,Matches
163,Janoi Donacien\Janoi-Donacien,lc LCA,DFMF,Ipswich Town,25,1993,13,12,1040,0,0,0,0,2,0,0.00,0.00,0.00,0.00,0.00,Matches
164,Matt Done\Matt-Done,wal WAL,FWMF,Rochdale,31,1988,24,14,1287,0,0,0,0,0,0,0.00,0.00,0.00,0.00,0.00,Matches
165,Stephen Dooley\Stephen-Dooley,nir NIR,MFFW,Rochdale,27,1991,22,19,1697,3,2,0,0,3,0,0.16,0.11,0.27,0.16,0.27,Matches
166,Flynn Downes\Flynn-Downes,eng ENG,MF,Ipswich Town,20,1999,29,29,2501,2,1,0,0,10,0,0.07,0.04,0.11,0.07,0.11,Matches
167,Paul Downing\Paul-Downing,eng ENG,DF,Portsmouth,27,1991,6,6,540,0,0,0,0,2,0,0.00,0.00,0.00,0.00,0.00,Matches
168,Andre Dozzell\Andre-Dozzell,eng ENG,MF,Ipswich Town,20,1999,10,8,608,0,0,0,0,2,0,0.00,0.00,0.00,0.00,0.00,Matches
169,Declan Drysdale\Declan-Drysdale,eng ENG,DF,Coventry City,,,1,1,90,0,0,0,0,1,0,0.00,0.00,0.00,0.00,0.00,Matches
170,Jimmy Dunne\Jimmy-Dunne,ie IRL,DF,Fleetwood Town,21,1997,9,9,810,1,0,0,0,1,0,0.11,0.00,0.11,0.11,0.11,Matches
171,Lloyd Dyer\Lloyd-Dyer,eng ENG,MF,Burton Albion,36,1982,5,0,126,0,0,0,0,0,0,0.00,0.00,0.00,0.00,0.00,Matches
172,Neal Eardley\Neal-Eardley,wal WAL,DF,Lincoln City,30,1988,35,35,3150,0,2,0,0,5,0,0.00,0.06,0.06,0.00,0.06,Matches
173,Josh Earl\Josh-Earl,eng ENG,DFMF,Ipswich Town,20,1998,7,5,479,0,0,0,0,0,0,0.00,0.00,0.00,0.00,0.00,Matches
174,Josh Earl\Josh-Earl,eng ENG,DF,Bolton,20,1998,9,9,657,0,0,0,0,1,1,0.00,0.00,0.00,0.00,0.00,Matches
175,Ashley Eastham\Ashley-Eastham,eng ENG,DF,Fleetwood Town,28,1991,9,5,518,0,0,0,0,0,0,0.00,0.00,0.00,0.00,0.00,Matches
176,Simon Eastwood\Simon-Eastwood,eng ENG,GK,Oxford United,30,1989,29,29,2610,0,0,0,0,0,0,0.00,0.00,0.00,0.00,0.00,Matches
177,Ethan Ebanks-Landell\Ethan-Ebanks-Landell,eng ENG,DF,Shrewsbury,26,1992,28,28,2475,1,1,0,0,9,0,0.04,0.04,0.07,0.04,0.07,Matches
178,Josh Eccles\Josh-Eccles,eng ENG,MF,Coventry City,19,2000,3,1,99,0,0,0,0,0,0,0.00,0.00,0.00,0.00,0.00,Matches
179,Tayo Edun\Tayo-Edun,eng ENG,MFDF,Lincoln City,21,1998,6,6,516,0,0,0,0,3,1,0.00,0.00,0.00,0.00,0.00,Matches
180,David Edwards\David-Edwards,wal WAL,MFFW,Shrewsbury,33,1986,29,24,2130,1,0,0,0,5,0,0.04,0.00,0.04,0.04,0.04,Matches
181,Gwion Edwards\Gwion-Edwards,wal WAL,MF,Ipswich Town,26,1993,27,22,1923,2,1,0,0,10,0,0.09,0.05,0.14,0.09,0.14,Matches
182,Liam Edwards\Liam-Edwards,eng ENG,DF,Bolton,22,1996,6,6,495,0,0,0,0,1,0,0.00,0.00,0.00,0.00,0.00,Matches
183,Phil Edwards\Phil-Edwards,eng ENG,DFMF,Acc'ton Stanley,33,1985,4,0,95,0,1,0,0,0,0,0.00,0.95,0.95,0.00,0.95,Matches
184,Ryan Edwards\Ryan-Edwards,eng ENG,DF,Blackpool,25,1993,21,19,1706,1,0,0,0,4,0,0.05,0.00,0.05,0.05,0.05,Matches
185,Ryan Edwards\Ryan-Edwards,au AUS,MF,Burton Albion,25,1993,33,33,2904,5,5,0,0,6,0,0.15,0.15,0.31,0.15,0.31,Matches
186,Terrell Egbri\Terrell-Egbri,eng ENG,MFFW,Southend United,,,6,6,491,1,0,0,0,0,0,0.18,0.00,0.18,0.18,0.18,Matches
187,Max Ehmer\Max-Ehmer,eng ENG,DF,Gillingham,27,1992,35,35,3150,1,1,0,0,6,0,0.03,0.03,0.06,0.03,0.06,Matches
188,Abo Eisa\Abo-Eisa,eng ENG,MF,Shrewsbury,23,1996,1,0,1,0,0,0,0,0,0,0.00,0.00,0.00,0.00,0.00,Matches
189,Mohamed Eisa\Mohamed-Eisa,SUD,FW,P'borough Utd,25,1994,29,27,2178,14,1,1,2,2,0,0.58,0.04,0.62,0.54,0.58,Matches
190,Zachary Elbouzedi\Zachary-Elbouzedi,ie IRL,MF,Lincoln City,21,1998,5,1,134,0,0,0,0,0,0,0.00,0.00,0.00,0.00,0.00,Matches
191,Mark Ellis\Mark-Ellis,eng ENG,DF,Tranmere Rovers,30,1988,3,3,270,2,0,0,0,0,0,0.67,0.00,0.67,0.67,0.67,Matches
192,Elliot Embleton\Elliot-Embleton,eng ENG,MF,Sunderland,20,1999,3,1,69,0,0,0,0,0,0,0.00,0.00,0.00,0.00,0.00,Matches
193,Josh Emmanuel\Josh-Emmanuel,eng ENG,DF,Bolton,21,1997,27,25,2204,0,0,0,0,3,0,0.00,0.00,0.00,0.00,0.00,Matches
194,Niall Ennis\Niall-Ennis,eng ENG,FWMF,Doncaster,20,1999,29,22,1945,6,3,0,0,3,0,0.28,0.14,0.42,0.28,0.42,Matches
195,Ched Evans\Ched-Evans,wal WAL,FW,Fleetwood Town,30,1988,28,19,1969,9,3,2,2,5,1,0.41,0.14,0.55,0.32,0.46,Matches
196,Gareth Evans\Gareth-Evans,eng ENG,MF,Portsmouth,31,1988,17,10,996,5,0,2,2,2,0,0.45,0.00,0.45,0.27,0.27,Matches
197,Dimitar Evtimov\Dimitar-Evtimov,bg BUL,GK,Acc'ton Stanley,25,1993,19,19,1710,0,0,0,0,1,0,0.00,0.00,0.00,0.00,0.00,Matches
198,Muhammadu Faal\Muhammadu-Faal,eng ENG,FW,Bolton,22,1997,2,0,24,0,0,0,0,0,0,0.00,0.00,0.00,0.00,0.00,Matches
199,Liam Feeney\Liam-Feeney,eng ENG,MFDF,Blackpool,33,1986,35,33,2871,1,14,0,0,2,0,0.03,0.44,0.47,0.03,0.47,Matches
200,Morgan Feeney\Morgan-Feeney,eng ENG,DF,Tranmere Rovers,20,1999,1,1,90,0,0,0,0,0,0,0.00,0.00,0.00,0.00,0.00,Matches
201,Morgan Ferrier\Morgan-Ferrier,eng ENG,FW,Tranmere Rovers,24,1994,20,15,1434,5,1,0,1,3,0,0.31,0.06,0.38,0.31,0.38,Matches
202,Sam Finley\Sam-Finley,eng ENG,MFFW,Acc'ton Stanley,26,1992,31,29,2658,2,1,0,0,10,0,0.07,0.03,0.10,0.07,0.10,Matches
203,Tom Flanagan\Tom-Flanagan,nir NIR,DF,Sunderland,27,1992,18,16,1416,1,0,0,0,6,0,0.06,0.00,0.06,0.06,0.06,Matches
204,Brandon Fleming\Brandon-Fleming,eng ENG,DF,Bolton,19,1999,10,10,878,0,1,0,0,1,0,0.00,0.10,0.10,0.00,0.10,Matches
205,Michael Folivi\Michael-Folivi,eng ENG,FW,AFC Wimbledon,21,1998,10,6,536,0,1,0,0,1,0,0.00,0.17,0.17,0.00,0.17,Matches
206,Anthony Forde\Anthony-Forde,ie IRL,MFDF,Oxford United,25,1993,18,9,835,1,2,0,0,1,0,0.11,0.22,0.32,0.11,0.32,Matches
207,Marcus Forss\Marcus-Forss,fi FIN,FW,AFC Wimbledon,20,1999,18,17,1346,11,1,3,3,3,1,0.74,0.07,0.80,0.53,0.60,Matches
208,Tariqe Fosu\Tariqe-Fosu,eng ENG,FWMF,Oxford United,23,1995,25,21,1885,8,2,0,0,2,0,0.38,0.10,0.48,0.38,0.48,Matches
209,Zaine Francis-Angol\Zaine-Francis-Angol,ag ATG,DF,Acc'ton Stanley,26,1993,5,5,311,0,0,0,0,2,1,0.00,0.00,0.00,0.00,0.00,Matches
210,Scott Fraser\Scott-Fraser,sco SCO,MF,Burton Albion,24,1995,30,25,2296,5,11,0,0,2,0,0.20,0.43,0.63,0.20,0.63,Matches
211,Nick Freeman\Nick-Freeman,eng ENG,MFFW,Wycombe,23,1995,26,16,1627,2,3,1,1,0,0,0.11,0.17,0.28,0.06,0.22,Matches
212,Barry Fuller\Barry-Fuller,eng ENG,DF,Gillingham,34,1984,30,30,2599,0,2,0,0,8,0,0.00,0.07,0.07,0.00,0.07,Matches
213,Dominic Gape\Dominic-Gape,eng ENG,MF,Wycombe,24,1994,28,28,2369,0,2,0,0,1,0,0.00,0.08,0.08,0.00,0.08,Matches
214,Luke Garbutt\Luke-Garbutt,eng ENG,MFDF,Ipswich Town,26,1993,28,28,2370,5,3,1,1,3,0,0.19,0.11,0.30,0.15,0.27,Matches
215,Lewis Gard\Lewis-Gard,eng ENG,MF,Southend United,19,1999,2,2,160,1,0,0,0,0,0,0.56,0.00,0.56,0.56,0.56,Matches
216,Ben Garratt\Ben-Garratt,eng ENG,GK,Burton Albion,25,1994,3,2,225,0,0,0,0,0,0,0.00,0.00,0.00,0.00,0.00,Matches
217,Anthony Georgiou\Anthony-Georgiou,cy CYP,MF,Ipswich Town,22,1997,10,0,227,0,0,0,0,0,0,0.00,0.00,0.00,0.00,0.00,Matches
218,Anthony Georgiou\Anthony-Georgiou,cy CYP,MF,Bolton,22,1997,2,0,36,0,0,0,0,0,0,0.00,0.00,0.00,0.00,0.00,Matches
219,Lewis Gibson\Lewis-Gibson,eng ENG,DF,Fleetwood Town,19,2000,9,9,810,0,0,0,0,1,0,0.00,0.00,0.00,0.00,0.00,Matches
220,Alex Gilbey\Alex-Gilbey,eng ENG,MFFW,MK Dons,24,1994,30,27,2323,5,2,0,1,9,0,0.19,0.08,0.27,0.19,0.27,Matches
221,Matt Gilks\Matt-Gilks,sco SCO,GK,Fleetwood Town,37,1982,5,5,450,0,0,0,0,0,0,0.00,0.00,0.00,0.00,0.00,Matches
222,Matt Gillam\Matt-Gillam,eng ENG,FW,Rochdale,21,1997,2,0,69,0,0,0,0,0,0,0.00,0.00,0.00,0.00,0.00,Matches
223,Harvey Gilmour\Harvey-Gilmour,eng ENG,MF,Tranmere Rovers,,,4,2,219,0,0,0,0,0,0,0.00,0.00,0.00,0.00,0.00,Matches
224,Josh Ginnelly\Josh-Ginnelly,eng ENG,FW,Bristol Rovers,22,1997,9,5,512,1,0,0,0,0,0,0.18,0.00,0.18,0.18,0.18,Matches
225,Ben Gladwin\Ben-Gladwin,eng ENG,DFMF,MK Dons,27,1992,9,0,145,1,0,0,0,0,0,0.62,0.00,0.62,0.62,0.62,Matches
226,Armand Gnanduillet\Armand-Gnanduillet,ci CIV,FW,Blackpool,27,1991,30,25,2246,15,1,4,4,3,0,0.60,0.04,0.64,0.44,0.48,Matches
227,Matthew Godden\Matthew-Godden,eng ENG,FW,Coventry City,28,1991,26,22,1969,14,2,3,3,1,0,0.64,0.09,0.73,0.50,0.59,Matches
228,Scott Golbourne\Scott-Golbourne,eng ENG,MF,Shrewsbury,31,1988,15,14,1197,1,3,0,0,3,0,0.08,0.23,0.30,0.08,0.30,Matches
229,Madger Gomes\Madger-Gomes,es ESP,MF,Doncaster,22,1997,23,13,1188,0,1,0,0,5,0,0.00,0.08,0.08,0.00,0.08,Matches
230,Lynden Gooch\Lynden-Gooch,us USA,FWMF,Sunderland,23,1995,30,28,2298,11,1,1,1,6,0,0.43,0.04,0.47,0.39,0.43,Matches
231,Brandon Goodship\Brandon-Goodship,eng ENG,MFFW,Southend United,24,1994,23,14,1395,3,2,0,0,1,0,0.19,0.13,0.32,0.19,0.32,Matches
232,Sean Goss\Sean-Goss,eng ENG,MF,Shrewsbury,23,1995,22,15,1373,0,3,0,0,5,0,0.00,0.20,0.20,0.00,0.20,Matches
233,Jordan Graham\Jordan-Graham,eng ENG,MF,Gillingham,24,1995,7,2,234,0,1,0,0,1,0,0.00,0.38,0.38,0.00,0.38,Matches
234,Sonny Graham\Sonny-Graham,eng ENG,MF,Bolton,,,13,6,558,0,0,0,0,0,0,0.00,0.00,0.00,0.00,0.00,Matches
235,Bobby Grant\Bobby-Grant,eng ENG,MF,Acc'ton Stanley,29,1990,5,3,246,1,0,0,0,0,0,0.37,0.00,0.37,0.37,0.37,Matches
236,Jorge Grant\Jorge-Grant,eng ENG,MF,Lincoln City,24,1994,32,29,2591,2,8,0,0,2,0,0.07,0.28,0.35,0.07,0.35,Matches
237,Will Grigg\Will-Grigg,nir NIR,FW,Sunderland,28,1991,20,8,904,1,1,0,0,0,0,0.10,0.10,0.20,0.10,0.20,Matches
238,Jack Grimmer\Jack-Grimmer,sco SCO,DF,Wycombe,25,1994,18,18,1601,0,0,0,0,1,0,0.00,0.00,0.00,0.00,0.00,Matches
239,Nesta Guinness-Walker\Nesta-Guinness-Walker,eng ENG,MF,AFC Wimbledon,,,23,19,1732,1,1,0,0,5,0,0.05,0.05,0.10,0.05,0.10,Matches
240,Patrik Gunnarsson\Patrik-Gunnarsson,is ISL,GK,Southend United,18,2000,3,3,270,0,0,0,0,0,0,0.00,0.00,0.00,0.00,0.00,Matches
241,Callum Guy\Callum-Guy,eng ENG,MF,Blackpool,22,1996,15,6,711,0,1,0,0,1,0,0.00,0.13,0.13,0.00,0.13,Matches
242,Connor Hall\Connor-Hall,eng ENG,FW,Bolton,21,1998,1,0,,0,0,0,0,0,0,,,,,,Matches
243,Robert Hall\Robert-Hall,eng ENG,FWMF,Oxford United,25,1993,13,3,281,0,0,0,0,1,0,0.00,0.00,0.00,0.00,0.00,Matches
244,Brad Halliday\Brad-Halliday,eng ENG,DF,Doncaster,24,1995,34,34,3060,0,4,0,0,7,0,0.00,0.12,0.12,0.00,0.12,Matches
245,Ethan Hamilton\Ethan-Hamilton,sco SCO,MF,Southend United,20,1998,14,12,939,0,1,0,0,2,1,0.00,0.10,0.10,0.00,0.10,Matches
246,Ethan Hamilton\Ethan-Hamilton,sco SCO,MF,Bolton,20,1998,12,12,1068,1,1,0,0,2,0,0.08,0.08,0.17,0.08,0.17,Matches
247,Brandon Hanlan\Brandon-Hanlan,eng ENG,FW,Gillingham,22,1997,35,31,2802,4,2,0,0,2,0,0.13,0.06,0.19,0.13,0.19,Matches
248,Jamie Hanson\Jamie-Hanson,eng ENG,MFFW,Oxford United,23,1995,5,2,251,0,0,0,0,1,0,0.00,0.00,0.00,0.00,0.00,Matches
249,Ryan Hardie\Ryan-Hardie,sco SCO,FW,Blackpool,22,1997,7,2,227,0,0,0,0,0,0,0.00,0.00,0.00,0.00,0.00,Matches
250,Josh Hare\Josh-Hare,eng ENG,DFMF,Bristol Rovers,24,1994,10,7,689,0,2,0,0,0,0,0.00,0.26,0.26,0.00,0.26,Matches
251,Cameron Hargreaves\Cameron-Hargreaves,eng ENG,MF,Bristol Rovers,20,1998,6,3,307,0,0,0,0,1,0,0.00,0.00,0.00,0.00,0.00,Matches
252,Ryan Harley\Ryan-Harley,eng ENG,MF,MK Dons,34,1985,3,2,171,0,0,0,0,1,0,0.00,0.00,0.00,0.00,0.00,Matches
253,Marcus Harness\Marcus-Harness,eng ENG,MFFW,Portsmouth,23,1996,25,16,1499,5,5,0,0,2,0,0.30,0.30,0.60,0.30,0.60,Matches
254,Cian Harries\Cian-Harries,wal WAL,DF,Bristol Rovers,22,1997,3,2,185,0,0,0,0,1,0,0.00,0.00,0.00,0.00,0.00,Matches
255,Ellis Harrison\Ellis-Harrison,wal WAL,FW,Portsmouth,25,1994,28,17,1587,5,1,1,1,8,1,0.28,0.06,0.34,0.23,0.28,Matches
256,Ben Hart\Ben-Hart,eng ENG,DF,Burton Albion,,,3,0,47,0,0,0,0,0,0,0.00,0.00,0.00,0.00,0.00,Matches
257,Sam Hart\Sam-Hart,eng ENG,MF,Shrewsbury,22,1996,4,2,180,0,0,0,0,1,0,0.00,0.00,0.00,0.00,0.00,Matches
258,Anthony Hartigan\Anthony-Hartigan,eng ENG,MF,AFC Wimbledon,19,2000,27,20,1830,0,1,0,0,1,0,0.00,0.05,0.05,0.00,0.05,Matches
259,Jake Hastie\Jake-Hastie,sco SCO,FWMF,Rotherham Utd,20,1999,14,10,880,3,0,0,0,0,0,0.31,0.00,0.31,0.31,0.31,Matches
260,Brandon Haunstrup\Brandon-Haunstrup,eng ENG,DF,Portsmouth,22,1996,10,7,745,0,3,0,0,1,0,0.00,0.36,0.36,0.00,0.36,Matches
261,Oliver Hawkins\Oliver-Hawkins,eng ENG,DFFW,Portsmouth,27,1992,7,5,444,0,0,0,0,0,0,0.00,0.00,0.00,0.00,0.00,Matches
262,Rhys Healey\Rhys-Healey,wal WAL,FW,MK Dons,24,1994,19,15,1410,11,2,1,1,2,0,0.70,0.13,0.83,0.64,0.77,Matches
263,Ian Henderson\Ian-Henderson,eng ENG,FW,Rochdale,34,1985,31,29,2619,15,2,2,2,2,0,0.52,0.07,0.58,0.45,0.52,Matches
264,Ben Heneghan\Ben-Heneghan,eng ENG,DF,Blackpool,25,1993,26,24,2135,2,0,0,0,6,1,0.08,0.00,0.08,0.08,0.08,Matches
265,James Henry\James-Henry,eng ENG,MFFW,Oxford United,30,1989,30,30,2594,12,9,4,4,4,0,0.42,0.31,0.73,0.28,0.59,Matches
266,Rushian Hepburn-Murphy\Rushian-Hepburn-Murphy,eng ENG,FWMF,Tranmere Rovers,20,1998,17,8,822,4,0,0,0,1,1,0.44,0.00,0.44,0.44,0.44,Matches
267,Jake Hesketh\Jake-Hesketh,eng ENG,MF,Lincoln City,23,1996,20,14,1102,1,1,0,0,4,0,0.08,0.08,0.16,0.08,0.16,Matches
268,Jordy Hiwula\Jordy-Hiwula,eng ENG,FW,Coventry City,24,1994,15,14,1095,2,2,0,1,0,0,0.16,0.16,0.33,0.16,0.33,Matches
269,Jack Hobbs\Jack-Hobbs,eng ENG,DF,Bolton,30,1988,11,11,914,1,0,0,0,2,0,0.10,0.00,0.10,0.10,0.10,Matches
270,Lee Hodson\Lee-Hodson,nir NIR,DF,Gillingham,27,1991,7,4,401,0,0,0,0,0,0,0.00,0.00,0.00,0.00,0.00,Matches
271,Nathan Holland\Nathan-Holland,eng ENG,FW,Oxford United,21,1998,10,7,586,2,0,0,0,0,0,0.31,0.00,0.31,0.31,0.31,Matches
272,Tareiq Holmes-Dennis\Tareiq-Holmes-Dennis,eng ENG,MFDF,Bristol Rovers,23,1995,4,2,177,0,1,0,0,0,0,0.00,0.51,0.51,0.00,0.51,Matches
273,Tomáš Holý\Tomas-Holy,cz CZE,GK,Ipswich Town,27,1991,21,21,1890,0,2,0,0,0,0,0.00,0.10,0.10,0.00,0.10,Matches
274,Harrison Hopper\Harrison-Hopper,eng ENG,MF,Rochdale,18,2000,1,0,3,0,0,0,0,0,0,0.00,0.00,0.00,0.00,0.00,Matches
275,Tom Hopper\Tom-Hopper,eng ENG,FW,Lincoln City,25,1993,8,5,496,2,0,0,0,0,0,0.36,0.00,0.36,0.36,0.36,Matches
276,Tom Hopper\Tom-Hopper,eng ENG,FW,Southend United,25,1993,14,12,992,2,1,0,0,2,0,0.18,0.09,0.27,0.18,0.27,Matches
277,Jordan Houghton\Jordan-Houghton,eng ENG,MF,MK Dons,23,1995,30,30,2497,2,3,1,1,5,0,0.07,0.11,0.18,0.04,0.14,Matches
278,Mark Howard\Mark-Howard,eng ENG,GK,Blackpool,32,1986,4,4,360,0,0,0,0,0,0,0.00,0.00,0.00,0.00,0.00,Matches
279,Mark Hughes\Mark-Hughes,eng ENG,DF,Acc'ton Stanley,32,1986,31,31,2762,1,1,0,0,5,0,0.03,0.03,0.07,0.03,0.07,Matches
280,Denver Hume\Denver-Hume,eng ENG,MFDF,Sunderland,22,1996,32,30,2560,1,4,0,0,2,0,0.04,0.14,0.18,0.04,0.18,Matches
281,Stephen Humphrys\Stephen-Humphrys,eng ENG,FW,Southend United,21,1997,21,14,1356,5,0,0,0,1,0,0.33,0.00,0.33,0.33,0.33,Matches
282,Ashley Hunter\Ashley-Hunter,eng ENG,FW,Fleetwood Town,23,1995,14,1,316,0,2,0,0,2,0,0.00,0.57,0.57,0.00,0.57,Matches
283,Finlay Hurford-Lockett\Finlay-Hurford-Lockett,eng ENG,MF,Bolton,,,2,0,68,0,0,0,0,0,0,0.00,0.00,0.00,0.00,0.00,Matches
284,James Husband\James-Husband,eng ENG,DFMF,Blackpool,25,1994,28,28,2480,0,1,0,0,8,1,0.00,0.04,0.04,0.00,0.04,Matches
285,Isaac Hutchinson\Isaac-Hutchinson,eng ENG,MF,Southend United,19,2000,22,12,1301,1,1,0,0,0,0,0.07,0.07,0.14,0.07,0.14,Matches
286,Reece Hutchinson\Reece-Hutchinson,eng ENG,DFMF,Burton Albion,,,17,8,783,0,2,0,0,1,0,0.00,0.23,0.23,0.00,0.23,Matches
287,Emyr Huws\Emyr-Huws,wal WAL,MF,Ipswich Town,25,1993,17,11,957,0,2,0,0,4,0,0.00,0.19,0.19,0.00,0.19,Matches
288,Dominic Hyam\Dominic-Hyam,sco SCO,DF,Coventry City,23,1995,29,28,2474,2,0,0,0,1,0,0.07,0.00,0.07,0.07,0.07,Matches
289,Luke Hyam\Luke-Hyam,eng ENG,MF,Southend United,27,1991,5,2,211,0,0,0,0,1,0,0.00,0.00,0.00,0.00,0.00,Matches
290,Michael Ihiekwe\Michael-Ihiekwe,eng ENG,DF,Rotherham Utd,26,1992,33,33,2970,2,3,0,0,3,0,0.06,0.09,0.15,0.06,0.15,Matches
291,Daniel Iversen\Daniel-Iversen,dk DEN,GK,Rotherham Utd,22,1997,34,34,3060,0,0,0,0,1,0,0.00,0.00,0.00,0.00,0.00,Matches
292,Anssi Jaakkola\Anssi-Jaakkola,fi FIN,GK,Bristol Rovers,32,1987,21,21,1812,0,0,0,0,2,0,0.00,0.00,0.00,0.00,0.00,Matches
293,Kayden Jackson\Kayden-Jackson,eng ENG,FW,Ipswich Town,25,1994,32,28,2521,11,7,0,1,4,1,0.39,0.25,0.64,0.39,0.64,Matches
294,Joe Jacobson\Joe-Jacobson,wal WAL,DF,Wycombe,32,1986,30,30,2591,8,2,6,7,5,0,0.28,0.07,0.35,0.07,0.14,Matches
295,Ricky Jade-Jones\Ricky-Jade-Jones,eng ENG,FW,P'borough Utd,18,2001,11,2,283,0,0,0,0,0,0,0.00,0.00,0.00,0.00,0.00,Matches
296,Alex Jakubiak\Alex-Jakubiak,sco SCO,FWMF,Gillingham,22,1996,24,12,1044,6,1,0,0,0,0,0.52,0.09,0.60,0.52,0.60,Matches
297,Reece James\Reece-James,eng ENG,DF,Doncaster,25,1993,27,26,2248,2,3,0,0,5,0,0.08,0.12,0.20,0.08,0.20,Matches
298,Connor Jennings\Connor-Jennings,eng ENG,MFFW,Tranmere Rovers,27,1991,29,23,1986,4,1,0,0,6,1,0.18,0.05,0.23,0.18,0.23,Matches
299,Wesley Jobello\Wesley-Jobello,fr FRA,FW,Coventry City,25,1994,10,10,783,1,1,0,0,0,0,0.11,0.11,0.23,0.11,0.23,Matches
300,Ryan John Giles\Ryan-John-Giles,eng ENG,MF,Coventry City,19,2000,1,0,1,0,0,0,0,0,0,0.00,0.00,0.00,0.00,0.00,Matches
301,Ryan John Giles\Ryan-John-Giles,eng ENG,MFFW,Shrewsbury,19,2000,19,15,1403,1,2,0,0,1,0,0.06,0.13,0.19,0.06,0.19,Matches
302,Cameron John\Cameron-John,eng ENG,DF,Doncaster,19,1999,18,17,1566,2,1,0,0,4,0,0.11,0.06,0.17,0.11,0.17,Matches
303,Tyreece John-Jules\Tyreece-John-Jules,eng ENG,FW,Lincoln City,18,2001,7,7,580,1,0,0,0,1,0,0.16,0.00,0.16,0.16,0.16,Matches
304,Lenell John-Lewis\Lenell-John-Lewis,eng ENG,FWMF,Shrewsbury,30,1989,2,0,12,0,0,0,0,0,0,0.00,0.00,0.00,0.00,0.00,Matches
305,Callum Johnson\Callum-Johnson,eng ENG,DF,Acc'ton Stanley,22,1996,33,32,2851,0,3,0,0,7,0,0.00,0.09,0.09,0.00,0.09,Matches
306,Sido Jombati\Sido-Jombati,pt POR,DF,Wycombe,31,1987,7,6,585,0,1,0,0,2,0,0.00,0.15,0.15,0.00,0.15,Matches
307,Alfie Jones\Alfie-Jones,eng ENG,MF,Gillingham,21,1997,30,30,2672,2,1,0,0,5,0,0.07,0.03,0.10,0.07,0.10,Matches
308,Billy Jones\Billy-Jones,eng ENG,DF,Rotherham Utd,32,1987,10,9,734,0,0,0,0,4,0,0.00,0.00,0.00,0.00,0.00,Matches
309,Alan Judge\Alan-Judge,ie IRL,MFFW,Ipswich Town,30,1988,30,21,1943,3,4,0,0,3,0,0.14,0.19,0.32,0.14,0.32,Matches
310,Sullay Kaikai\Sullay-Kaikai,eng ENG,MFFW,Blackpool,23,1995,22,17,1460,4,2,0,0,1,0,0.25,0.12,0.37,0.25,0.37,Matches
311,Paul Kalambayi\Paul-Kalambayi,eng ENG,DF,AFC Wimbledon,,,16,16,1382,0,0,0,0,5,0,0.00,0.00,0.00,0.00,0.00,Matches
312,Idris Kanu\Idris-Kanu,eng ENG,MF,P'borough Utd,19,1999,6,1,173,0,0,0,0,0,0,0.00,0.00,0.00,0.00,0.00,Matches
313,Scott Kashket\Scott-Kashket,eng ENG,FW,Wycombe,23,1996,19,11,1015,4,0,0,0,1,0,0.35,0.00,0.35,0.35,0.35,Matches
314,Gervane Kastaneer\Gervane-Kastaneer,nl NED,FW,Coventry City,23,1996,11,1,188,1,0,0,0,3,1,0.48,0.00,0.48,0.48,0.48,Matches
315,David Kasumu\David-Kasumu,eng ENG,MFFW,MK Dons,19,1999,21,14,1184,1,1,0,0,5,0,0.08,0.08,0.15,0.08,0.15,Matches
316,Will Keane\Will-Keane,eng ENG,FW,Ipswich Town,26,1993,23,14,1263,3,1,0,0,0,0,0.21,0.07,0.29,0.21,0.29,Matches
317,Liam Kelly\Liam-Kelly,sco SCO,MF,Coventry City,29,1990,27,25,2317,0,3,0,0,2,0,0.00,0.12,0.12,0.00,0.12,Matches
318,Liam Kelly\Liam-Kelly,ie IRL,MF,Oxford United,23,1995,3,1,55,0,0,0,0,0,0,0.00,0.00,0.00,0.00,0.00,Matches
319,Michael Kelly\Michael-Kelly,sco SCO,MFDF,Bristol Rovers,21,1997,5,2,203,0,1,0,0,0,0,0.00,0.44,0.44,0.00,0.44,Matches
320,Charlie Kelman\Charlie-Kelman,us USA,FWMF,Southend United,,,18,12,1043,5,0,1,1,2,0,0.43,0.00,0.43,0.35,0.35,Matches
321,Myles Kenlock\Myles-Kenlock,eng ENG,DFMF,Ipswich Town,22,1996,9,8,793,0,0,0,0,1,0,0.00,0.00,0.00,0.00,0.00,Matches
322,Frankie Kent\Frankie-Kent,eng ENG,DF,P'borough Utd,23,1995,28,28,2421,1,0,0,0,4,1,0.04,0.00,0.04,0.04,0.04,Matches
323,Jimmy Keohane\Jimmy-Keohane,ie IRL,DF,Rochdale,28,1991,28,26,2318,0,2,0,0,2,0,0.00,0.08,0.08,0.00,0.08,Matches
324,Kaine Kessler\Kaine-Kessler,is ISL,MF,Fleetwood Town,,,2,0,12,0,0,0,0,0,0,0.00,0.00,0.00,0.00,0.00,Matches
325,Rob Kiernan\Rob-Kiernan,ie IRL,DF,Southend United,28,1991,19,17,1584,1,0,0,0,4,0,0.06,0.00,0.06,0.06,0.06,Matches
326,Alfie Kilgour\Alfie-Kilgour,eng ENG,DF,Bristol Rovers,21,1998,33,33,2935,2,0,0,0,5,0,0.06,0.00,0.06,0.06,0.06,Matches
327,Eren Kinali\Eren-Kinali,eng ENG,MFFW,Southend United,19,2000,6,3,300,0,1,0,0,0,0,0.00,0.30,0.30,0.00,0.30,Matches
328,Callum King-Harmes\Callum-King-Harmes,wal WAL,MF,Bolton,,,5,3,277,0,0,0,0,0,0,0.00,0.00,0.00,0.00,0.00,Matches
329,Alex Kiwomya\Alex-Kiwomya,eng ENG,FWMF,Doncaster,23,1996,1,0,6,0,0,0,0,0,0,0.00,0.00,0.00,0.00,0.00,Matches
330,Josh Knight\Josh-Knight,eng ENG,MF,P'borough Utd,21,1997,24,16,1603,3,4,0,0,4,0,0.17,0.22,0.39,0.17,0.39,Matches
331,Josh Koroma\Josh-Koroma,eng ENG,FW,Rotherham Utd,20,1998,5,0,86,0,0,0,0,0,0,0.00,0.00,0.00,0.00,0.00,Matches
332,Harry Kyprianou\Harry-Kyprianou,cy CYP,DF,Southend United,22,1997,1,1,75,0,0,0,0,0,0,0.00,0.00,0.00,0.00,0.00,Matches
333,Freddie Ladapo\Freddie-Ladapo,eng ENG,FW,Rotherham Utd,26,1993,31,20,1859,14,1,1,2,2,0,0.68,0.05,0.73,0.63,0.68,Matches
334,Kyle Lafferty\Kyle-Lafferty,nir NIR,FW,Sunderland,31,1987,11,2,270,2,1,0,0,1,0,0.67,0.33,1.00,0.67,1.00,Matches
335,Julien Lamy\Julien-Lamy,fr FRA,MF,AFC Wimbledon,19,1999,2,1,105,0,0,0,0,1,0,0.00,0.00,0.00,0.00,0.00,Matches
336,Julien Lamy\Julien-Lamy,fr FRA,MF,Rotherham Utd,19,1999,3,0,28,0,0,0,0,0,0,0.00,0.00,0.00,0.00,0.00,Matches
337,Callum Lang\Callum-Lang,eng ENG,FWMF,Shrewsbury,20,1998,16,14,1103,4,1,0,0,3,0,0.33,0.08,0.41,0.33,0.41,Matches
338,Josh Laurent\Josh-Laurent,eng ENG,MF,Shrewsbury,24,1995,31,30,2659,2,2,0,0,4,0,0.07,0.07,0.14,0.07,0.14,Matches
339,Ian Lawlor\Ian-Lawlor,ie IRL,GK,Doncaster,24,1994,7,7,630,0,1,0,0,0,0,0.00,0.14,0.14,0.00,0.14,Matches
340,Grant Leadbitter\Grant-Leadbitter,eng ENG,MF,Sunderland,33,1986,14,11,939,0,2,0,0,3,0,0.00,0.19,0.19,0.00,0.19,Matches
341,Luke Leahy\Luke-Leahy,eng ENG,MFDF,Bristol Rovers,26,1992,32,31,2808,0,2,0,0,5,0,0.00,0.06,0.06,0.00,0.06,Matches
342,Olly Lee\Olly-Lee,eng ENG,FWMF,Gillingham,28,1991,28,22,1956,4,4,2,2,3,0,0.18,0.18,0.37,0.09,0.28,Matches
343,Harry Lennon\Harry-Lennon,eng ENG,DF,Southend United,24,1994,16,15,1224,1,1,0,0,5,0,0.07,0.07,0.15,0.07,0.15,Matches
344,Dean Lewington\Dean-Lewington,eng ENG,DFMF,MK Dons,35,1984,33,32,2834,0,0,0,0,8,0,0.00,0.00,0.00,0.00,0.00,Matches
345,Aaron Lewis\Aaron-Lewis,wal WAL,DF,Lincoln City,21,1998,2,0,41,1,1,0,0,0,0,2.20,2.20,4.39,2.20,4.39,Matches
346,Jamie Lindsay\Jamie-Lindsay,sco SCO,MF,Rotherham Utd,23,1995,22,14,1308,1,4,0,0,3,0,0.07,0.28,0.34,0.07,0.34,Matches
347,Elliott List\Elliott-List,eng ENG,FW,Gillingham,22,1997,4,1,163,0,1,0,0,0,0,0.00,0.55,0.55,0.00,0.55,Matches
348,Mark Little\Mark-Little,eng ENG,DFMF,Bristol Rovers,30,1988,11,9,733,0,1,0,0,1,0,0.00,0.12,0.12,0.00,0.12,Matches
349,Jason Lokilo\Jason-Lokilo,be BEL,FW,Doncaster,20,1998,1,0,17,0,0,0,0,0,0,0.00,0.00,0.00,0.00,0.00,Matches
350,Sam Long\Sam-Long,eng ENG,DF,Oxford United,24,1995,16,10,969,1,0,0,0,1,0,0.09,0.00,0.09,0.09,0.09,Matches
351,Donald Love\Donald-Love,sco SCO,MF,Shrewsbury,24,1994,28,26,2357,0,1,0,0,6,0,0.00,0.04,0.04,0.00,0.04,Matches
352,Jason Lowe\Jason-Lowe,eng ENG,MFDF,Bolton,27,1991,29,28,2496,0,0,0,0,4,1,0.00,0.00,0.00,0.00,0.00,Matches
353,Matty Lund\Matty-Lund,nir NIR,MF,Rochdale,28,1990,5,5,431,1,1,0,0,0,0,0.21,0.21,0.42,0.21,0.42,Matches
354,Robert Lynch Sanchez\Robert-Lynch-Sanchez,es ESP,GK,Rochdale,,,26,26,2340,0,0,0,0,3,0,0.00,0.00,0.00,0.00,0.00,Matches
355,Jay Lynch\Jay-Lynch,eng ENG,GK,Rochdale,26,1993,8,8,720,0,0,0,0,1,0,0.00,0.00,0.00,0.00,0.00,Matches
356,Joel Lynch\Joel-Lynch,wal WAL,DF,Sunderland,31,1987,16,14,1306,0,0,0,0,5,0,0.00,0.00,0.00,0.00,0.00,Matches
357,Calum MacDonald\Calum-MacDonald,eng ENG,MFDF,Blackpool,21,1997,12,9,828,0,0,0,0,3,0,0.00,0.00,0.00,0.00,0.00,Matches
358,Shaun MacDonald\Shaun-MacDonald,wal WAL,MF,Rotherham Utd,31,1988,13,3,363,0,0,0,0,1,0,0.00,0.00,0.00,0.00,0.00,Matches
359,Craig MacGillivray\Craig-MacGillivray,sco SCO,GK,Portsmouth,26,1993,20,20,1800,0,0,0,0,0,0,0.00,0.00,0.00,0.00,0.00,Matches
360,Jamie Mackie\Jamie-Mackie,sco SCO,FW,Oxford United,33,1985,32,15,1432,2,1,0,0,6,0,0.13,0.06,0.19,0.13,0.19,Matches
361,Paddy Madden\Paddy-Madden,ie IRL,FW,Fleetwood Town,29,1990,35,25,2391,15,3,0,0,8,0,0.56,0.11,0.68,0.56,0.68,Matches
362,Marcus Maddison\Marcus-Maddison,eng ENG,FWMF,P'borough Utd,25,1993,22,19,1612,9,6,3,4,1,0,0.50,0.33,0.84,0.33,0.67,Matches
363,Jack Madelin\Jack-Madelin,wal WAL,FW,AFC Wimbledon,17,2002,1,0,6,0,0,0,0,0,0,0.00,0.00,0.00,0.00,0.00,Matches
364,Gary Madine\Gary-Madine,eng ENG,FW,Blackpool,28,1990,10,9,693,2,0,0,0,0,0,0.26,0.00,0.26,0.26,0.26,Matches
365,Tyler Magloire\Tyler-Magloire,eng ENG,DF,Rochdale,20,1998,2,2,180,0,0,0,0,0,0,0.00,0.00,0.00,0.00,0.00,Matches
366,Chris Maguire\Chris-Maguire,sco SCO,FWMF,Sunderland,30,1989,35,28,2449,10,10,2,2,7,0,0.37,0.37,0.73,0.29,0.66,Matches
367,Joe Maguire\Joe-Maguire,eng ENG,DF,Acc'ton Stanley,23,1996,11,10,874,0,0,0,0,2,0,0.00,0.00,0.00,0.00,0.00,Matches
368,Mikael Mandron\Mikael-Mandron,fr FRA,FW,Gillingham,24,1994,23,13,1169,5,2,0,0,0,0,0.38,0.15,0.54,0.38,0.54,Matches
369,Sam Mantom\Sam-Mantom,eng ENG,MF,Southend United,27,1992,22,21,1761,2,6,0,0,3,0,0.10,0.31,0.41,0.10,0.41,Matches
370,Marko Maroši\Marko-Marosi,sk SVK,GK,Coventry City,25,1993,34,34,3060,0,0,0,0,3,0,0.00,0.00,0.00,0.00,0.00,Matches
371,John Marquis\John-Marquis,eng ENG,FWMF,Portsmouth,27,1992,33,25,2278,8,3,1,1,6,0,0.32,0.12,0.43,0.28,0.40,Matches
372,Mark Marshall\Mark-Marshall,eng ENG,MFFW,Gillingham,32,1987,18,3,637,0,0,0,0,0,0,0.00,0.00,0.00,0.00,0.00,Matches
373,Russell Martin\Russell-Martin,sco SCO,DF,MK Dons,33,1986,11,11,899,1,0,0,0,3,0,0.10,0.00,0.10,0.10,0.10,Matches
374,Jamie Mascoll\Jamie-Mascoll,eng ENG,DF,Wycombe,22,1997,4,2,230,0,0,0,0,1,0,0.00,0.00,0.00,0.00,0.00,Matches
375,Brandon Mason\Brandon-Mason,eng ENG,DFMF,Coventry City,21,1997,11,10,913,0,0,0,0,0,0,0.00,0.00,0.00,0.00,0.00,Matches
376,Joe Mason\Joe-Mason,ie IRL,FWMF,MK Dons,28,1991,13,10,908,3,0,0,0,0,0,0.30,0.00,0.30,0.30,0.30,Matches
377,Niall Mason\Niall-Mason,eng ENG,DF,P'borough Utd,22,1997,30,25,2326,0,2,0,0,5,0,0.00,0.08,0.08,0.00,0.08,Matches
378,Luke Matheson\Luke-Matheson,eng ENG,DF,Rochdale,15,2003,20,18,1689,1,2,0,0,1,0,0.05,0.11,0.16,0.05,0.16,Matches
379,Remi Matthews\Remi-Matthews,eng ENG,GK,Bolton,25,1994,33,33,2970,0,0,0,0,1,0,0.00,0.00,0.00,0.00,0.00,Matches
380,Joe Mattock\Joe-Mattock,eng ENG,DF,Rotherham Utd,29,1990,24,22,1974,1,0,0,0,4,1,0.05,0.00,0.05,0.05,0.05,Matches
381,Chris Maxwell\Chris-Maxwell,wal WAL,GK,Blackpool,29,1990,9,9,810,0,0,0,0,0,0,0.00,0.00,0.00,0.00,0.00,Matches
382,Alfie May\Alfie-May,eng ENG,MF,Doncaster,26,1993,15,7,722,1,1,0,0,1,0,0.12,0.12,0.25,0.12,0.25,Matches
383,Benjamin Mbunga-Kimpioka\Benjamin-Mbunga-Kimpioka,se SWE,FW,Sunderland,19,2000,4,0,27,1,0,0,0,0,0,3.33,0.00,3.33,3.33,3.33,Matches
384,Conor McAleny\Conor-McAleny,eng ENG,FWMF,Shrewsbury,26,1992,5,5,393,0,0,0,0,1,0,0.00,0.00,0.00,0.00,0.00,Matches
385,Conor McAleny\Conor-McAleny,eng ENG,FWMF,Fleetwood Town,26,1992,12,4,441,2,0,0,0,0,0,0.41,0.00,0.41,0.41,0.41,Matches
386,Sam McCallum\Sam-McCallum,eng ENG,MFDF,Coventry City,,,26,25,2261,2,1,0,0,6,0,0.08,0.04,0.12,0.08,0.12,Matches
387,Jason McCarthy\Jason-McCarthy,eng ENG,DF,Wycombe,23,1995,9,9,810,1,0,0,0,1,0,0.11,0.00,0.11,0.11,0.11,Matches
388,Sean McConville\Sean-McConville,eng ENG,MF,Acc'ton Stanley,30,1989,18,15,1289,5,2,0,0,4,1,0.35,0.14,0.49,0.35,0.49,Matches
389,Luke McCormick\Luke-McCormick,eng ENG,MF,Shrewsbury,20,1999,5,4,250,0,0,0,0,0,0,0.00,0.00,0.00,0.00,0.00,Matches
390,Ross McCrorie\Ross-McCrorie,sco SCO,DFMF,Portsmouth,21,1998,17,12,1061,0,3,0,0,6,1,0.00,0.25,0.25,0.00,0.25,Matches
391,Luke McCullough\Luke-McCullough,nir NIR,MF,Tranmere Rovers,25,1994,6,6,465,0,0,0,0,1,0,0.00,0.00,0.00,0.00,0.00,Matches
392,Rod McDonald\Rod-McDonald,eng ENG,DF,AFC Wimbledon,27,1992,15,11,1045,0,0,0,0,0,0,0.00,0.00,0.00,0.00,0.00,Matches
393,Joe McDonnell\Joe-McDonnell,eng ENG,GK,AFC Wimbledon,25,1994,1,1,90,0,0,0,0,0,0,0.00,0.00,0.00,0.00,0.00,Matches
394,Kyle McFadzean\Kyle-McFadzean,sco SCO,DF,Coventry City,32,1987,30,28,2531,0,1,0,0,7,1,0.00,0.04,0.04,0.00,0.04,Matches
395,Brett McGavin\Brett-McGavin,eng ENG,MF,Ipswich Town,19,1999,1,1,45,0,0,0,0,0,0,0.00,0.00,0.00,0.00,0.00,Matches
396,Aiden McGeady\Aiden-McGeady,ie IRL,MFFW,Sunderland,33,1986,15,13,1185,4,2,2,3,6,0,0.30,0.15,0.46,0.15,0.30,Matches
397,Cameron McGeehan\Cameron-McGeehan,nir NIR,MF,Portsmouth,24,1995,12,10,881,0,1,0,0,1,0,0.00,0.10,0.10,0.00,0.10,Matches
398,Dylan McGeouch\Dylan-McGeouch,sco SCO,MF,Sunderland,26,1993,8,5,513,0,0,0,0,0,0,0.00,0.00,0.00,0.00,0.00,Matches
399,Conor McGrandles\Conor-McGrandles,sco SCO,MF,MK Dons,23,1995,31,25,2219,1,2,0,1,3,0,0.04,0.08,0.12,0.04,0.12,Matches
400,Barrie McKay\Barrie-McKay,sco SCO,FWMF,Fleetwood Town,24,1994,8,7,586,2,2,0,0,2,0,0.31,0.31,0.61,0.31,0.61,Matches
401,Conor McLaughlin\Conor-McLaughlin,nir NIR,DF,Sunderland,28,1991,15,12,1104,0,1,0,0,5,0,0.00,0.08,0.08,0.00,0.08,Matches
402,Jon McLaughlin\Jon-McLaughlin,sco SCO,GK,Sunderland,31,1987,32,31,2835,0,1,0,0,0,0,0.00,0.03,0.03,0.00,0.03,Matches
403,Ryan McLaughlin\Ryan-McLaughlin,nir NIR,DF,Rochdale,24,1994,3,0,52,0,0,0,0,0,0,0.00,0.00,0.00,0.00,0.00,Matches
404,Stephen McLaughlin\Stephen-McLaughlin,ie IRL,MFFW,Southend United,29,1990,27,27,2198,4,4,0,0,7,1,0.16,0.16,0.33,0.16,0.33,Matches
405,Shane McLoughlin\Shane-McLoughlin,ie IRL,MF,AFC Wimbledon,22,1997,23,14,1338,1,0,0,0,1,0,0.07,0.00,0.07,0.07,0.07,Matches
406,James McNulty\James-McNulty,sco SCO,DF,Rochdale,34,1985,14,13,1202,0,0,0,0,2,0,0.00,0.00,0.00,0.00,0.00,Matches
407,Marc McNulty\Marc-McNulty,sco SCO,FWMF,Sunderland,26,1992,15,7,669,2,2,0,0,0,0,0.27,0.27,0.54,0.27,0.54,Matches
408,Paul McShane\Paul-McShane,ie IRL,DF,Rochdale,33,1986,16,15,1281,0,0,0,0,1,0,0.00,0.00,0.00,0.00,0.00,Matches
409,Max Melbourne\Max-Melbourne,eng ENG,DF,Lincoln City,20,1998,8,6,546,0,0,0,0,2,0,0.00,0.00,0.00,0.00,0.00,Matches
410,Jacob Mellis\Jacob-Mellis,eng ENG,MF,Bolton,28,1991,6,1,118,0,0,0,0,0,0,0.00,0.00,0.00,0.00,0.00,Matches
411,Rollin Menayese\Rollin-Menayese,wal WAL,DF,Bristol Rovers,21,1997,13,10,888,0,0,0,0,2,0,0.00,0.00,0.00,0.00,0.00,Matches
412,Mark Milligan\Mark-Milligan,au AUS,MF,Southend United,33,1985,30,30,2682,0,0,0,0,7,0,0.00,0.00,0.00,0.00,0.00,Matches
413,Jayden Mitchell-Lawson\Jayden-Mitchell-Lawson,eng ENG,FW,Bristol Rovers,,,10,8,622,2,0,0,0,0,0,0.29,0.00,0.29,0.29,0.29,Matches
414,Miles Mitchell-Nelson\Miles-Mitchell-Nelson,eng ENG,DF,Southend United,18,2000,6,5,460,0,0,0,0,1,0,0.00,0.00,0.00,0.00,0.00,Matches
415,Idris El Mizouni\Idris-El-Mizouni,tn TUN,FW,Ipswich Town,18,2000,3,1,61,0,1,0,0,0,0,0.00,1.48,1.48,0.00,1.48,Matches
416,Manny Monthe\Manny-Monthe,cm CMR,DF,Tranmere Rovers,24,1995,31,30,2697,1,4,0,0,7,1,0.03,0.13,0.17,0.03,0.17,Matches
417,Daniel Mooney\Daniel-Mooney,wal WAL,FW,Fleetwood Town,20,1999,1,0,8,0,0,0,0,0,0,0.00,0.00,0.00,0.00,0.00,Matches
418,Elliott Moore\Elliott-Moore,eng ENG,DF,Oxford United,22,1997,20,12,1235,2,1,0,0,1,0,0.15,0.07,0.22,0.15,0.22,Matches
419,Taylor Moore\Taylor-Moore,eng ENG,DF,Blackpool,22,1997,8,8,720,0,0,0,0,0,0,0.00,0.00,0.00,0.00,0.00,Matches
420,Jordan Moore-Taylor\Jordan-Moore-Taylor,eng ENG,DF,MK Dons,25,1994,14,13,1128,0,0,0,0,3,0,0.00,0.00,0.00,0.00,0.00,Matches
421,Steve Morison\Steve-Morison,wal WAL,FW,Shrewsbury,35,1983,7,6,440,0,0,0,0,0,0,0.00,0.00,0.00,0.00,0.00,Matches
422,Aaron Morley\Aaron-Morley,eng ENG,MF,Rochdale,19,2000,23,18,1463,3,3,0,0,4,0,0.18,0.18,0.37,0.18,0.37,Matches
423,Joe Morrell\Joe-Morrell,wal WAL,MF,Lincoln City,22,1997,29,29,2550,1,3,0,0,10,0,0.04,0.11,0.14,0.04,0.14,Matches
424,Carlton Morris\Carlton-Morris,eng ENG,FW,MK Dons,23,1995,10,9,826,2,0,0,0,1,1,0.22,0.00,0.22,0.22,0.22,Matches
425,Carlton Morris\Carlton-Morris,eng ENG,FWMF,Rotherham Utd,23,1995,21,11,1051,3,3,0,0,3,0,0.26,0.26,0.51,0.26,0.51,Matches
426,Josh Morris\Josh-Morris,eng ENG,FWMF,Fleetwood Town,27,1991,33,23,1962,7,2,0,0,0,0,0.32,0.09,0.41,0.32,0.41,Matches
427,Kieron Morris\Kieron-Morris,eng ENG,MF,Tranmere Rovers,25,1994,34,33,2917,2,7,0,0,2,0,0.06,0.22,0.28,0.06,0.28,Matches
428,John Mousinho\John-Mousinho,eng ENG,DF,Oxford United,33,1986,26,25,2254,0,0,0,0,6,0,0.00,0.00,0.00,0.00,0.00,Matches
429,Paul Mullin\Paul-Mullin,eng ENG,FWMF,Tranmere Rovers,24,1994,20,9,904,3,1,1,2,4,0,0.30,0.10,0.40,0.20,0.30,Matches
430,Daryl Murphy\Daryl-Murphy,ie IRL,FW,Bolton,36,1983,24,23,2069,8,2,0,1,0,0,0.35,0.09,0.43,0.35,0.43,Matches
431,Jamie Murphy\Jamie-Murphy,sco SCO,FWMF,Burton Albion,29,1989,10,10,861,7,1,0,0,0,0,0.73,0.10,0.84,0.73,0.84,Matches
432,Joe Murphy\Joe-Murphy,ie IRL,GK,Shrewsbury,37,1981,4,4,360,0,0,0,0,1,0,0.00,0.00,0.00,0.00,0.00,Matches
433,Luke Murphy\Luke-Murphy,eng ENG,MF,Bolton,29,1989,29,26,2315,2,1,0,0,6,1,0.08,0.04,0.12,0.08,0.12,Matches
434,Richard Nartey\Richard-Nartey,eng ENG,DF,Burton Albion,20,1998,25,20,1773,0,0,0,0,3,0,0.00,0.00,0.00,0.00,0.00,Matches
435,Tom Naylor\Tom-Naylor,eng ENG,MF,Portsmouth,28,1991,33,33,2970,1,0,0,0,7,0,0.03,0.00,0.03,0.03,0.03,Matches
436,Mikael Ndjoli\Mikael-Ndjoli,eng ENG,FWMF,Gillingham,20,1998,12,7,579,2,1,1,1,0,0,0.31,0.16,0.47,0.16,0.31,Matches
437,Layton Ndukwu\Layton-Ndukwu,eng ENG,FW,Southend United,20,1998,7,0,169,0,0,0,0,0,0,0.00,0.00,0.00,0.00,0.00,Matches
438,Sid Nelson\Sid-Nelson,eng ENG,DF,Tranmere Rovers,23,1996,19,16,1470,0,0,0,0,4,0,0.00,0.00,0.00,0.00,0.00,Matches
439,Lee Nicholls\Lee-Nicholls,eng ENG,GK,MK Dons,26,1992,35,35,3150,0,0,0,0,2,0,0.00,0.00,0.00,0.00,0.00,Matches
440,Tom Nichols\Tom-Nichols,eng ENG,FW,Bristol Rovers,25,1993,19,12,1004,2,2,0,1,1,0,0.18,0.18,0.36,0.18,0.36,Matches
441,Will Nightingale\Will-Nightingale,eng ENG,DFMF,AFC Wimbledon,23,1995,9,8,749,0,0,0,0,0,0,0.00,0.00,0.00,0.00,0.00,Matches
442,Jon Nolan\Jon-Nolan,eng ENG,MF,Ipswich Town,27,1992,22,17,1649,2,0,0,0,5,0,0.11,0.00,0.11,0.11,0.11,Matches
443,Sam Nombe\Sam-Nombe,eng ENG,FW,MK Dons,20,1998,21,11,1165,2,2,0,0,2,0,0.15,0.15,0.31,0.15,0.31,Matches
444,Oliver Norburn\Oliver-Norburn,gd GRN,MF,Shrewsbury,26,1992,17,17,1499,3,0,1,1,7,0,0.18,0.00,0.18,0.12,0.12,Matches
445,Rhys Norrington-Davies\Rhys-Norrington-Davies,wal WAL,DF,Rochdale,20,1999,27,27,2335,1,2,0,0,4,0,0.04,0.08,0.12,0.04,0.12,Matches
446,Will Norris\Will-Norris,eng ENG,GK,Ipswich Town,25,1993,15,15,1350,0,0,0,0,2,0,0.00,0.00,0.00,0.00,0.00,Matches
447,James Norwood\James-Norwood,eng ENG,FW,Ipswich Town,28,1990,28,22,1917,11,3,3,4,6,0,0.52,0.14,0.66,0.38,0.52,Matches
448,Michael Nottingham\Michael-Nottingham,kn SKN,DF,Blackpool,30,1989,3,0,70,0,0,0,0,0,0,0.00,0.00,0.00,0.00,0.00,Matches
449,Aristote Nsiala\Aristote-Nsiala,cd COD,DF,Ipswich Town,27,1992,3,3,173,0,0,0,0,3,0,0.00,0.00,0.00,0.00,0.00,Matches
450,Aristote Nsiala\Aristote-Nsiala,cd COD,DF,Bolton,27,1992,12,12,1054,0,0,0,0,3,0,0.00,0.00,0.00,0.00,0.00,Matches
451,Joe Nuttall\Joe-Nuttall,eng ENG,FW,Blackpool,22,1997,27,9,1024,2,0,0,0,3,0,0.18,0.00,0.18,0.18,0.18,Matches
452,Eoghan O'Connell\Eoghan-OConnell,ie IRL,DF,Rochdale,23,1995,31,31,2662,0,1,0,0,4,0,0.00,0.03,0.03,0.00,0.03,Matches
453,Michael O'Connor\Michael-OConnor,nir NIR,MF,Lincoln City,31,1987,17,14,1072,1,0,0,0,3,0,0.08,0.00,0.08,0.08,0.08,Matches
454,Thomas O'Connor\Thomas-OConnor,ie IRL,MFDF,Gillingham,20,1999,28,26,2333,1,2,0,0,2,0,0.04,0.08,0.12,0.04,0.12,Matches
455,Chris O'Grady\Chris-OGrady,eng ENG,MFFW,Bolton,33,1986,20,10,930,2,1,0,0,1,0,0.19,0.10,0.29,0.19,0.29,Matches
456,Kieran O'Hara\Kieran-OHara,ie IRL,GK,Burton Albion,23,1996,33,33,2925,0,0,0,0,2,0,0.00,0.00,0.00,0.00,0.00,Matches
457,Callum O'Hare\Callum-OHare,eng ENG,MFFW,Coventry City,21,1998,29,18,1840,3,3,0,0,3,0,0.15,0.15,0.29,0.15,0.29,Matches
458,Stuart O'Keefe\Stuart-OKeefe,eng ENG,MF,Gillingham,28,1991,30,26,2175,3,0,1,1,6,0,0.12,0.00,0.12,0.08,0.08,Matches
459,Max O'Leary\Max-OLeary,ie IRL,GK,Shrewsbury,22,1996,30,30,2700,0,0,0,0,0,0,0.00,0.00,0.00,0.00,0.00,Matches
460,Luke O'Neill\Luke-ONeill,eng ENG,DFMF,AFC Wimbledon,27,1991,31,30,2729,1,4,0,0,7,0,0.03,0.13,0.16,0.03,0.16,Matches
461,Luke O'Nien\Luke-ONien,eng ENG,MFDF,Sunderland,24,1994,35,35,3130,4,2,0,0,5,1,0.12,0.06,0.17,0.12,0.17,Matches
462,John-Joe O'Toole\John-Joe-OToole,ie IRL,DF,Burton Albion,30,1988,25,25,2117,0,0,0,0,11,2,0.00,0.00,0.00,0.00,0.00,Matches
463,Nnamdi Ofoborh\Nnamdi-Ofoborh,ng NGA,MF,Wycombe,19,1999,18,7,828,0,0,0,0,1,1,0.00,0.00,0.00,0.00,0.00,Matches
464,Chiedozie Ogbene\Chiedozie-Ogbene,ie IRL,MF,Rotherham Utd,22,1997,25,19,1907,1,3,0,0,7,1,0.05,0.14,0.19,0.05,0.19,Matches
465,Connor Ogilvie\Connor-Ogilvie,eng ENG,DF,Gillingham,23,1996,33,33,2970,4,0,0,0,3,0,0.12,0.00,0.12,0.12,0.12,Matches
466,Abu Ogogo\Abu-Ogogo,eng ENG,MF,Bristol Rovers,29,1989,27,25,2144,3,1,0,0,8,1,0.13,0.04,0.17,0.13,0.17,Matches
467,Fejiri Okenabirhie\Fejiri-Okenabirhie,ng NGA,FW,Doncaster,23,1996,5,2,161,2,0,0,0,0,1,1.12,0.00,1.12,1.12,1.12,Matches
468,Fejiri Okenabirhie\Fejiri-Okenabirhie,ng NGA,FW,Shrewsbury,23,1996,17,6,713,2,0,1,1,2,0,0.25,0.00,0.25,0.13,0.13,Matches
469,Matthew Olosunde\Matthew-Olosunde,us USA,DFMF,Rotherham Utd,21,1998,32,27,2412,0,3,0,0,5,0,0.00,0.11,0.11,0.00,0.11,Matches
470,Fred Onyedinma\Fred-Onyedinma,eng ENG,FWMF,Wycombe,22,1996,13,11,849,4,1,0,0,0,0,0.42,0.11,0.53,0.42,0.53,Matches
471,Jerome Opoku\Jerome-Opoku,eng ENG,DF,Acc'ton Stanley,20,1998,21,19,1724,0,3,0,0,7,0,0.00,0.16,0.16,0.00,0.16,Matches
472,Paul Osew\Paul-Osew,eng ENG,MF,AFC Wimbledon,18,2000,18,15,1327,1,2,0,0,0,0,0.07,0.14,0.20,0.07,0.20,Matches
473,Mark Oxley\Mark-Oxley,eng ENG,GK,Southend United,28,1990,19,19,1706,0,0,0,0,0,0,0.00,0.00,0.00,0.00,0.00,Matches
474,Erhun Oztumer\Erhun-Oztumer,tr TUR,MF,Bolton,28,1991,1,1,70,0,0,0,0,0,0,0.00,0.00,0.00,0.00,0.00,Matches
475,Alim Öztürk\Alim-Ozturk,tr TUR,DF,Sunderland,26,1992,22,20,1784,0,1,0,0,8,0,0.00,0.05,0.05,0.00,0.05,Matches
476,Josh Parker\Josh-Parker,ag ATG,FW,Wycombe,28,1990,13,3,313,0,0,0,0,0,0,0.00,0.00,0.00,0.00,0.00,Matches
477,Josh Pask\Josh-Pask,eng ENG,DF,Coventry City,21,1997,2,0,21,0,0,0,0,0,0,0.00,0.00,0.00,0.00,0.00,Matches
478,Alexander Pattison\Alexander-Pattison,eng ENG,MF,Wycombe,21,1997,17,8,847,0,1,0,0,1,0,0.00,0.11,0.11,0.00,0.11,Matches
479,Jack Payne\Jack-Payne,eng ENG,MF,Lincoln City,24,1994,23,18,1565,2,1,0,0,1,0,0.12,0.06,0.17,0.12,0.17,Matches
480,Stefan Payne\Stefan-Payne,eng ENG,FW,Tranmere Rovers,27,1991,15,11,986,4,1,0,0,5,0,0.37,0.09,0.46,0.37,0.46,Matches
481,David Perkins\David-Perkins,eng ENG,MF,Tranmere Rovers,37,1982,27,23,2050,0,0,0,0,2,0,0.00,0.00,0.00,0.00,0.00,Matches
482,Tom Pett\Tom-Pett,eng ENG,MF,Lincoln City,27,1992,2,1,124,0,0,0,0,1,0,0.00,0.00,0.00,0.00,0.00,Matches
483,Giles Phillips\Giles-Phillips,us USA,DF,Wycombe,22,1997,11,10,783,0,1,0,0,2,1,0.00,0.11,0.11,0.00,0.11,Matches
484,Harry Phillips\Harry-Phillips,eng ENG,MF,Southend United,21,1997,2,2,170,1,0,0,0,1,0,0.53,0.00,0.53,0.53,0.53,Matches
485,Aaron Pierre\Aaron-Pierre,gd GRN,DF,Shrewsbury,26,1993,30,29,2528,2,2,0,0,6,0,0.07,0.07,0.14,0.07,0.14,Matches
486,Joe Pigott\Joe-Pigott,eng ENG,FW,AFC Wimbledon,25,1993,34,31,2819,7,2,0,0,3,0,0.22,0.06,0.29,0.22,0.29,Matches
487,Luke Pilling\Luke-Pilling,wal WAL,GK,Tranmere Rovers,22,1997,1,0,58,0,0,0,0,0,0,0.00,0.00,0.00,0.00,0.00,Matches
488,Mitchell Pinnock\Mitchell-Pinnock,eng ENG,MFFW,AFC Wimbledon,24,1994,25,17,1532,3,2,0,0,4,0,0.18,0.12,0.29,0.18,0.29,Matches
489,Brett Pitman\Brett-Pitman,eng ENG,MFFW,Portsmouth,31,1988,11,4,461,2,1,1,2,2,0,0.39,0.20,0.59,0.20,0.39,Matches
490,Dennis Politic\Dennis-Politic,ro ROU,MF,Bolton,19,2000,24,19,1699,3,0,0,0,3,0,0.16,0.00,0.16,0.16,0.16,Matches
491,Jordan Ponticelli\Jordan-Ponticelli,eng ENG,MF,Tranmere Rovers,20,1998,1,1,45,0,0,0,0,0,0,0.00,0.00,0.00,0.00,0.00,Matches
492,Regan Poole\Regan-Poole,wal WAL,DF,MK Dons,21,1998,19,17,1566,0,1,0,0,4,0,0.00,0.06,0.06,0.00,0.06,Matches
493,Darren Potter\Darren-Potter,ie IRL,MF,Tranmere Rovers,34,1984,12,11,907,0,1,0,0,3,0,0.00,0.10,0.10,0.00,0.10,Matches
494,Joe Powell\Joe-Powell,eng ENG,MF,Burton Albion,20,1998,10,7,629,3,0,0,0,1,0,0.43,0.00,0.43,0.43,0.43,Matches
495,Max Power\Max-Power,eng ENG,MF,Sunderland,26,1993,31,30,2644,2,1,0,0,6,0,0.07,0.03,0.10,0.07,0.10,Matches
496,Lewis Price\Lewis-Price,wal WAL,GK,Rotherham Utd,35,1984,1,1,90,0,0,0,0,0,0,0.00,0.00,0.00,0.00,0.00,Matches
497,Ben Pringle\Ben-Pringle,eng ENG,MF,Gillingham,30,1989,10,6,549,0,0,0,0,1,1,0.00,0.00,0.00,0.00,0.00,Matches
498,Harry Pritchard\Harry-Pritchard,eng ENG,MF,Blackpool,26,1993,2,0,36,0,0,0,0,0,0,0.00,0.00,0.00,0.00,0.00,Matches
499,Joe Pritchard\Joe-Pritchard,eng ENG,MF,Acc'ton Stanley,22,1996,30,20,1798,2,5,0,0,2,1,0.10,0.25,0.35,0.10,0.35,Matches
500,Jamie Proctor\Jamie-Proctor,eng ENG,FW,Rotherham Utd,27,1992,3,0,41,0,0,0,0,0,0,0.00,0.00,0.00,0.00,0.00,Matches
501,Rekeil Pyke\Rekeil-Pyke,eng ENG,MFFW,Rochdale,21,1997,13,11,866,1,1,0,0,0,0,0.10,0.10,0.21,0.10,0.21,Matches
502,Christy Pym\Christy-Pym,eng ENG,GK,P'borough Utd,24,1995,35,35,3150,0,1,0,0,0,0,0.00,0.03,0.03,0.00,0.03,Matches
503,Stephen Quinn\Stephen-Quinn,ie IRL,MF,Burton Albion,33,1986,29,27,2333,0,0,0,0,10,1,0.00,0.00,0.00,0.00,0.00,Matches
504,Sean Raggett\Sean-Raggett,eng ENG,DF,Portsmouth,26,1993,26,26,2340,2,1,0,0,7,0,0.08,0.04,0.12,0.08,0.12,Matches
505,Nathan Ralph\Nathan-Ralph,eng ENG,DFMF,Southend United,26,1993,17,17,1456,0,1,0,0,4,1,0.00,0.06,0.06,0.00,0.06,Matches
506,Jacob Ramsey\Jacob-Ramsey,eng ENG,MF,Doncaster,18,2001,7,6,533,3,0,0,0,0,0,0.51,0.00,0.51,0.51,0.51,Matches
507,Kayne Ramsey\Kayne-Ramsey,eng ENG,DFMF,Shrewsbury,18,2000,5,3,281,0,0,0,0,0,0,0.00,0.00,0.00,0.00,0.00,Matches
508,Oliver Rathbone\Oliver-Rathbone,eng ENG,MF,Rochdale,22,1996,24,19,1669,2,3,0,0,2,0,0.11,0.16,0.27,0.11,0.27,Matches
509,George Ray\George-Ray,wal WAL,DF,Tranmere Rovers,25,1993,15,15,1183,0,0,0,0,3,0,0.00,0.00,0.00,0.00,0.00,Matches
510,Louis Reed\Louis-Reed,eng ENG,MF,P'borough Utd,22,1997,24,23,2000,1,4,0,0,3,1,0.05,0.18,0.23,0.05,0.23,Matches
511,Ben Reeves\Ben-Reeves,nir NIR,FWMF,MK Dons,27,1991,17,4,514,1,1,0,0,1,0,0.18,0.18,0.35,0.18,0.35,Matches
512,Callum Reilly\Callum-Reilly,ie IRL,MF,AFC Wimbledon,25,1993,30,28,2406,4,3,0,0,5,0,0.15,0.11,0.26,0.15,0.26,Matches
513,Gavin Reilly\Gavin-Reilly,sco SCO,FW,Bristol Rovers,26,1993,4,1,152,0,0,0,0,0,0,0.00,0.00,0.00,0.00,0.00,Matches
514,Liam Ridehalgh\Liam-Ridehalgh,eng ENG,DF,Tranmere Rovers,28,1991,29,27,2407,1,0,0,0,3,0,0.04,0.00,0.04,0.04,0.04,Matches
515,Liam Ridgewell\Liam-Ridgewell,eng ENG,DF,Southend United,35,1984,1,1,52,0,0,0,0,0,0,0.00,0.00,0.00,0.00,0.00,Matches
516,Regan Riley\Regan-Riley,eng ENG,MF,Bolton,,,1,0,2,0,0,0,0,0,0,0.00,0.00,0.00,0.00,0.00,Matches
517,Jordan Roberts\Jordan-Roberts,eng ENG,FWMF,Ipswich Town,25,1994,1,0,,0,0,0,0,0,0,,,,,,Matches
518,Jordan Roberts\Jordan-Roberts,eng ENG,FWMF,Gillingham,25,1994,10,10,821,2,1,0,0,3,0,0.22,0.11,0.33,0.22,0.33,Matches
519,Clark Robertson\Clark-Robertson,sco SCO,DF,Rotherham Utd,25,1993,17,17,1467,2,2,0,0,3,0,0.12,0.12,0.25,0.12,0.25,Matches
520,Theo Robinson\Theo-Robinson,jm JAM,FW,Southend United,30,1989,3,1,111,0,0,0,0,0,0,0.00,0.00,0.00,0.00,0.00,Matches
521,Harvey Rodgers\Harvey-Rodgers,eng ENG,DF,Acc'ton Stanley,22,1996,6,5,411,0,1,0,0,3,1,0.00,0.22,0.22,0.00,0.22,Matches
522,Alex Rodman\Alex-Rodman,eng ENG,MFFW,Bristol Rovers,32,1987,29,23,2032,2,2,0,0,2,0,0.09,0.09,0.18,0.09,0.18,Matches
523,Alex Rodriguez\Alex-Rodriguez,es ESP,MF,Oxford United,25,1993,31,29,2443,0,2,0,0,11,0,0.00,0.07,0.07,0.00,0.07,Matches
524,Connor Ronan\Connor-Ronan,ie IRL,MF,Blackpool,21,1998,10,10,775,1,1,0,0,1,0,0.12,0.12,0.23,0.12,0.23,Matches
525,Adam Roscrow\Adam-Roscrow,wal WAL,FW,AFC Wimbledon,24,1995,10,0,159,0,1,0,0,1,0,0.00,0.57,0.57,0.00,0.57,Matches
526,Michael Rose\Michael-Rose,sco SCO,DF,Coventry City,23,1995,31,30,2729,2,1,0,0,1,0,0.07,0.03,0.10,0.07,0.10,Matches
527,Jordan Rossiter\Jordan-Rossiter,eng ENG,MF,Fleetwood Town,22,1997,15,15,1189,0,1,0,0,1,0,0.00,0.08,0.08,0.00,0.08,Matches
528,Danny Rowe\Danny-Rowe,eng ENG,MFFW,Ipswich Town,27,1992,14,9,762,1,0,0,0,0,0,0.12,0.00,0.12,0.12,0.12,Matches
529,Jack Rudoni\Jack-Rudoni,eng ENG,MF,AFC Wimbledon,,,11,8,667,0,1,0,0,4,0,0.00,0.13,0.13,0.00,0.13,Matches
530,Josh Ruffels\Josh-Ruffels,eng ENG,DF,Oxford United,25,1993,35,35,3102,3,3,0,0,2,0,0.09,0.09,0.17,0.09,0.17,Matches
531,Matt Rush\Matt-Rush,,FW,Southend United,,,7,1,102,0,0,0,0,0,0,0.00,0.00,0.00,0.00,0.00,Matches
532,Jimmy Ryan\Jimmy-Ryan,ie IRL,MF,Rochdale,30,1988,24,16,1413,1,1,0,0,2,0,0.06,0.06,0.13,0.06,0.13,Matches
533,Kieran Sadlier\Kieran-Sadlier,ie IRL,MFFW,Doncaster,24,1994,33,28,2513,11,6,0,0,2,0,0.39,0.21,0.61,0.39,0.61,Matches
534,Alex Samuel\Alex-Samuel,wal WAL,FW,Wycombe,23,1995,21,15,1218,1,1,0,0,0,0,0.07,0.07,0.15,0.07,0.15,Matches
535,Max Sanders\Max-Sanders,eng ENG,MF,AFC Wimbledon,20,1999,20,18,1564,1,2,0,0,1,0,0.06,0.12,0.17,0.06,0.17,Matches
536,Oliver Šarkic\Oliver-Sarkic,me MNE,FWMF,Burton Albion,22,1997,28,24,1853,3,4,0,0,4,1,0.15,0.19,0.34,0.15,0.34,Matches
537,Harvey Saunders\Harvey-Saunders,eng ENG,FW,Fleetwood Town,22,1997,6,0,29,0,0,0,0,1,0,0.00,0.00,0.00,0.00,0.00,Matches
538,Joe Sbarra\Joe-Sbarra,eng ENG,MF,Burton Albion,20,1998,22,6,672,1,0,0,0,1,0,0.13,0.00,0.13,0.13,0.13,Matches
539,Sean Scannell\Sean-Scannell,ie IRL,FW,Blackpool,28,1990,8,3,336,1,0,0,0,1,0,0.27,0.00,0.27,0.27,0.27,Matches
540,Josh Scowen\Josh-Scowen,eng ENG,MF,Sunderland,26,1993,4,1,123,0,0,0,0,0,0,0.00,0.00,0.00,0.00,0.00,Matches
541,Tony Scully\Tony-Scully,ie IRL,MF,Lincoln City,20,1999,5,3,305,1,1,0,0,0,0,0.30,0.30,0.59,0.30,0.59,Matches
542,Harry Seaden\Harry-Seaden,eng ENG,GK,Southend United,18,2001,1,1,90,0,0,0,0,0,0,0.00,0.00,0.00,0.00,0.00,Matches
543,Freddie Sears\Freddie-Sears,eng ENG,MFFW,Ipswich Town,29,1989,11,2,329,1,0,0,0,2,0,0.27,0.00,0.27,0.27,0.27,Matches
544,Ryan Sears\Ryan-Sears,eng ENG,MF,Shrewsbury,,,2,2,156,0,0,0,0,0,0,0.00,0.00,0.00,0.00,0.00,Matches
545,Steve Seddon\Steve-Seddon,eng ENG,DF,Portsmouth,21,1997,12,10,936,1,1,0,0,2,0,0.10,0.10,0.19,0.10,0.19,Matches
546,Antoine Semenyo\Antoine-Semenyo,eng ENG,FW,Sunderland,19,2000,7,1,184,0,0,0,0,1,0,0.00,0.00,0.00,0.00,0.00,Matches
547,Adam Senior\Adam-Senior,eng ENG,DF,Bolton,,,2,1,94,0,0,0,0,0,0,0.00,0.00,0.00,0.00,0.00,Matches
548,Liam Sercombe\Liam-Sercombe,eng ENG,MF,Bristol Rovers,29,1990,22,20,1701,1,4,0,0,2,0,0.05,0.21,0.26,0.05,0.26,Matches
549,Jason Shackell\Jason-Shackell,eng ENG,DF,Lincoln City,35,1983,26,26,2293,2,0,0,0,3,0,0.08,0.00,0.08,0.08,0.08,Matches
550,Conor Shaughnessy\Conor-Shaughnessy,ie IRL,DFMF,Burton Albion,23,1996,8,6,620,0,2,0,0,0,0,0.00,0.29,0.29,0.00,0.29,Matches
551,Joe Shaughnessy\Joe-Shaughnessy,ie IRL,DF,Southend United,27,1992,16,14,1310,0,0,0,0,2,0,0.00,0.00,0.00,0.00,0.00,Matches
552,Ben Sheaf\Ben-Sheaf,eng ENG,MF,Doncaster,21,1998,32,29,2523,2,2,0,0,5,0,0.07,0.07,0.14,0.07,0.14,Matches
553,Alan Sheehan\Alan-Sheehan,ie IRL,DF,Lincoln City,32,1986,1,1,90,0,0,0,0,0,0,0.00,0.00,0.00,0.00,0.00,Matches
554,Lamine Sherif\Lamine-Sherif,gw GNB,MF,Acc'ton Stanley,20,1999,8,2,195,0,0,0,0,1,0,0.00,0.00,0.00,0.00,0.00,Matches
555,Jordan Shipley\Jordan-Shipley,ie IRL,MF,Coventry City,21,1997,31,24,2054,5,5,0,0,2,0,0.22,0.22,0.44,0.22,0.44,Matches
556,Connor Simpson\Connor-Simpson,eng ENG,FW,Acc'ton Stanley,19,2000,2,1,72,0,0,0,0,0,0,0.00,0.00,0.00,0.00,0.00,Matches
557,Tyreece Simpson\Tyreece-Simpson,eng ENG,FW,Ipswich Town,17,2002,3,0,57,0,0,0,0,0,0,0.00,0.00,0.00,0.00,0.00,Matches
558,Jack Sims\Jack-Sims,eng ENG,GK,Blackpool,20,1999,1,0,60,0,0,0,0,0,0,0.00,0.00,0.00,0.00,0.00,Matches
559,Cole Skuse\Cole-Skuse,eng ENG,MFDF,Ipswich Town,33,1986,29,25,2206,0,0,0,0,2,0,0.00,0.00,0.00,0.00,0.00,Matches
560,Michael Smith\Michael-Smith,eng ENG,FW,Rotherham Utd,27,1991,34,26,2325,9,3,2,3,3,0,0.35,0.12,0.46,0.27,0.39,Matches
561,Tyler Smith\Tyler-Smith,eng ENG,FW,Bristol Rovers,,,20,11,1048,3,0,1,1,2,0,0.26,0.00,0.26,0.17,0.17,Matches
562,Tyler Smith\Tyler-Smith,eng ENG,FW,Rochdale,,,4,2,174,1,0,0,0,0,0,0.52,0.00,0.52,0.52,0.52,Matches
563,Paul Smyth\Paul-Smyth,nir NIR,FWMF,Wycombe,21,1997,19,13,1126,1,0,0,0,5,0,0.08,0.00,0.08,0.08,0.08,Matches
564,Macauley Southam\Macauley-Southam,wal WAL,MF,Fleetwood Town,23,1996,1,0,7,0,0,0,0,0,0,0.00,0.00,0.00,0.00,0.00,Matches
565,Harry Souttar\Harry-Souttar,au AUS,DF,Fleetwood Town,20,1998,34,33,2979,3,1,0,0,3,0,0.09,0.03,0.12,0.09,0.12,Matches
566,Jack Sowerby\Jack-Sowerby,eng ENG,MF,Fleetwood Town,24,1995,24,13,1165,0,0,0,0,3,0,0.00,0.00,0.00,0.00,0.00,Matches
567,Jay Spearing\Jay-Spearing,eng ENG,MF,Blackpool,30,1988,30,28,2473,2,1,2,2,8,0,0.07,0.04,0.11,0.00,0.04,Matches
568,Jordi van Stappershoef\Jordi-van-Stappershoef,nl NED,GK,Bristol Rovers,23,1996,5,4,438,0,0,0,0,0,0,0.00,0.00,0.00,0.00,0.00,Matches
569,Kazaiah Sterling\Kazaiah-Sterling,eng ENG,FW,Doncaster,20,1998,3,1,83,0,1,0,0,1,0,0.00,1.08,1.08,0.00,1.08,Matches
570,Anthony Stewart\Anthony-Stewart,eng ENG,DF,Wycombe,26,1992,34,34,3060,2,3,0,0,5,0,0.06,0.09,0.15,0.06,0.15,Matches
571,David Stockdale\David-Stockdale,eng ENG,GK,Wycombe,33,1985,2,2,180,0,0,0,0,1,0,0.00,0.00,0.00,0.00,0.00,Matches
572,Mark Sykes\Mark-Sykes,nir NIR,MFFW,Oxford United,21,1997,23,17,1536,1,2,0,0,2,0,0.06,0.12,0.18,0.06,0.18,Matches
573,Ross Sykes\Ross-Sykes,eng ENG,DF,Acc'ton Stanley,20,1999,31,31,2761,1,2,0,0,3,1,0.03,0.07,0.10,0.03,0.10,Matches
574,Sammie Szmodics\Sammie-Szmodics,eng ENG,MFFW,P'borough Utd,23,1995,10,10,811,4,3,0,0,2,0,0.44,0.33,0.78,0.44,0.78,Matches
575,Serhat Tasdemir\Serhat-Tasdemir,az AZE,MF,P'borough Utd,,,10,1,210,0,0,0,0,0,0,0.00,0.00,0.00,0.00,0.00,Matches
576,Fabio Tavares\Fabio-Tavares,eng ENG,FW,Rochdale,18,2001,14,1,295,1,0,0,0,0,0,0.31,0.00,0.31,0.31,0.31,Matches
577,Callum Taylor\Callum-Taylor,eng ENG,GK,Southend United,,,1,0,4,0,0,0,0,0,0,0.00,0.00,0.00,0.00,0.00,Matches
578,Jack Taylor\Jack-Taylor,ie IRL,MF,P'borough Utd,21,1998,11,11,990,2,2,0,0,1,0,0.18,0.18,0.36,0.18,0.36,Matches
579,Jon Taylor\Jon-Taylor,eng ENG,MF,Doncaster,27,1992,28,22,1959,6,5,0,0,1,0,0.28,0.23,0.51,0.28,0.51,Matches
580,Matty Taylor\Matty-Taylor,eng ENG,FW,Oxford United,29,1990,26,20,1784,13,2,0,0,5,0,0.66,0.10,0.76,0.66,0.76,Matches
581,Richard Taylor\Richard-Taylor,eng ENG,DF,Southend United,18,2000,2,2,148,0,0,0,0,1,0,0.00,0.00,0.00,0.00,0.00,Matches
582,David Templeton\David-Templeton,sco SCO,FWMF,Burton Albion,30,1989,18,7,606,3,0,0,0,0,0,0.45,0.00,0.45,0.45,0.45,Matches
583,Kwame Thomas\Kwame-Thomas,eng ENG,FW,Doncaster,23,1995,10,5,430,3,0,0,0,0,0,0.63,0.00,0.63,0.63,0.63,Matches
584,Kwame Thomas\Kwame-Thomas,eng ENG,FW,Burton Albion,23,1995,2,0,17,0,0,0,0,0,0,0.00,0.00,0.00,0.00,0.00,Matches
585,Terell Thomas\Terell-Thomas,eng ENG,DF,AFC Wimbledon,23,1995,31,31,2648,1,0,0,0,1,0,0.03,0.00,0.03,0.03,0.03,Matches
586,Adam Thompson\Adam-Thompson,nir NIR,DF,Rotherham Utd,26,1992,10,9,812,0,1,0,0,1,0,0.00,0.11,0.11,0.00,0.11,Matches
587,Curtis Thompson\Curtis-Thompson,eng ENG,MF,Wycombe,25,1993,21,20,1692,0,0,0,0,8,1,0.00,0.00,0.00,0.00,0.00,Matches
588,Jordan Thompson\Jordan-Thompson,nir NIR,MF,Blackpool,22,1997,18,15,1246,1,2,0,0,4,0,0.07,0.14,0.22,0.07,0.22,Matches
589,Louis Thompson\Louis-Thompson,wal WAL,MF,MK Dons,24,1994,9,7,559,0,0,0,0,1,0,0.00,0.00,0.00,0.00,0.00,Matches
590,Louis Thompson\Louis-Thompson,wal WAL,FW,Shrewsbury,24,1994,10,1,225,0,0,0,0,2,0,0.00,0.00,0.00,0.00,0.00,Matches
591,Nathan Thompson\Nathan-Thompson,eng ENG,DF,P'borough Utd,28,1990,15,12,962,0,0,0,0,6,1,0.00,0.00,0.00,0.00,0.00,Matches
592,George Thorne\George-Thorne,eng ENG,MF,Oxford United,26,1993,4,1,104,0,0,0,0,0,0,0.00,0.00,0.00,0.00,0.00,Matches
593,Jordan Thorniley\Jordan-Thorniley,eng ENG,DF,Blackpool,22,1996,2,2,180,0,0,0,0,1,0,0.00,0.00,0.00,0.00,0.00,Matches
594,Curtis Tilt\Curtis-Tilt,eng ENG,DF,Blackpool,27,1991,20,17,1521,0,0,0,0,5,1,0.00,0.00,0.00,0.00,0.00,Matches
595,Curtis Tilt\Curtis-Tilt,eng ENG,DF,Rotherham Utd,27,1991,1,1,60,0,0,0,0,0,0,0.00,0.00,0.00,0.00,0.00,Matches
596,Harry Toffolo\Harry-Toffolo,eng ENG,DF,Lincoln City,23,1995,26,26,2340,1,3,0,0,3,0,0.04,0.12,0.15,0.04,0.15,Matches
597,Lucas Tomlinson\Lucas-Tomlinson,eng ENG,DF,Bristol Rovers,,,1,0,15,0,0,0,0,0,0,0.00,0.00,0.00,0.00,0.00,Matches
598,Ivan Toney\Ivan-Toney,eng ENG,FW,P'borough Utd,23,1996,32,32,2842,24,5,2,2,10,0,0.76,0.16,0.92,0.70,0.86,Matches
599,Nathan Trott\Nathan-Trott,eng ENG,GK,AFC Wimbledon,20,1998,23,23,2070,0,0,0,0,1,0,0.00,0.00,0.00,0.00,0.00,Matches
600,Jack Tucker\Jack-Tucker,eng ENG,DF,Gillingham,19,1999,28,26,2320,0,0,0,0,4,0,0.00,0.00,0.00,0.00,0.00,Matches
601,Oliver Turton\Oliver-Turton,eng ENG,DF,Blackpool,26,1992,30,26,2399,0,0,0,0,4,0,0.00,0.00,0.00,0.00,0.00,Matches
602,Nik Tzanev\Nik-Tzanev,nz NZL,GK,AFC Wimbledon,22,1996,2,2,180,0,0,0,0,0,0,0.00,0.00,0.00,0.00,0.00,Matches
603,Daniel Udoh\Daniel-Udoh,ng NGA,FW,Shrewsbury,22,1996,25,12,1177,4,2,0,0,0,0,0.31,0.15,0.46,0.31,0.46,Matches
604,Ed Upson\Ed-Upson,eng ENG,MF,Bristol Rovers,29,1989,33,32,2789,2,0,0,0,10,0,0.06,0.00,0.06,0.06,0.06,Matches
605,Kyle Vassell\Kyle-Vassell,nir NIR,FW,Rotherham Utd,26,1993,20,13,1079,4,3,0,0,1,0,0.33,0.25,0.58,0.33,0.58,Matches
606,James Vaughan\James-Vaughan,eng ENG,FW,Tranmere Rovers,31,1988,8,8,603,3,0,0,0,2,0,0.45,0.00,0.45,0.45,0.45,Matches
607,Josh Vela\Josh-Vela,eng ENG,MF,Shrewsbury,25,1993,4,4,251,0,0,0,0,2,1,0.00,0.00,0.00,0.00,0.00,Matches
608,Thibaud Verlinden\Thibaud-Verlinden,be BEL,MF,Bolton,20,1999,15,12,1035,3,2,0,0,2,0,0.26,0.17,0.43,0.26,0.43,Matches
609,Josh Vickers\Josh-Vickers,eng ENG,GK,Lincoln City,23,1995,35,35,3150,0,0,0,0,1,0,0.00,0.00,0.00,0.00,0.00,Matches
610,Romain Vincelot\Romain-Vincelot,fr FRA,MF,Shrewsbury,33,1985,2,2,180,0,0,0,0,0,0,0.00,0.00,0.00,0.00,0.00,Matches
611,Kane Vincent-Young\Kane-Vincent-Young,eng ENG,DFMF,Ipswich Town,23,1996,9,9,734,2,0,0,0,0,0,0.25,0.00,0.25,0.25,0.25,Matches
612,Matty Virtue\Matty-Virtue,eng ENG,MF,Blackpool,22,1997,24,20,1688,2,1,0,0,5,0,0.11,0.05,0.16,0.11,0.16,Matches
613,Scott Wagstaff\Scott-Wagstaff,eng ENG,MF,AFC Wimbledon,29,1990,26,23,2066,1,4,0,0,6,1,0.04,0.17,0.22,0.04,0.22,Matches
614,Charlie Wakefield\Charlie-Wakefield,eng ENG,DF,Coventry City,21,1998,1,0,10,0,0,0,0,0,0,0.00,0.00,0.00,0.00,0.00,Matches
615,Brad Walker\Brad-Walker,eng ENG,MF,Shrewsbury,23,1996,15,4,442,0,0,0,0,2,0,0.00,0.00,0.00,0.00,0.00,Matches
616,Tyler Walker\Tyler-Walker,eng ENG,FW,Lincoln City,22,1996,29,26,2273,13,3,2,4,0,0,0.51,0.12,0.63,0.44,0.55,Matches
617,Anton Walkes\Anton-Walkes,eng ENG,DFMF,Portsmouth,22,1997,11,10,860,0,0,0,0,1,0,0.00,0.00,0.00,0.00,0.00,Matches
618,Kieran Wallace\Kieran-Wallace,eng ENG,MFDF,Burton Albion,24,1995,26,20,1819,1,1,0,0,3,0,0.05,0.05,0.10,0.05,0.10,Matches
619,Ross Wallace\Ross-Wallace,sco SCO,FWMF,Fleetwood Town,34,1985,3,0,75,0,0,0,0,0,0,0.00,0.00,0.00,0.00,0.00,Matches
620,Joe Walsh\Joe-Walsh,wal WAL,DF,MK Dons,27,1992,24,23,2025,0,0,0,0,3,0,0.00,0.00,0.00,0.00,0.00,Matches
621,Liam Walsh\Liam-Walsh,eng ENG,MF,Coventry City,21,1997,26,25,2200,3,5,0,0,5,0,0.12,0.20,0.33,0.12,0.33,Matches
622,Grant Ward\Grant-Ward,eng ENG,MF,Blackpool,24,1994,5,2,133,0,0,0,0,0,0,0.00,0.00,0.00,0.00,0.00,Matches
623,Joe Ward\Joe-Ward,eng ENG,MF,P'borough Utd,23,1995,28,18,1656,3,5,0,0,1,0,0.16,0.27,0.43,0.16,0.43,Matches
624,Duncan Watmore\Duncan-Watmore,eng ENG,MFFW,Sunderland,25,1994,17,6,622,1,2,0,0,0,0,0.14,0.29,0.43,0.14,0.43,Matches
625,Tennai Watson\Tennai-Watson,eng ENG,MF,Coventry City,22,1997,3,1,103,0,0,0,0,0,0,0.00,0.00,0.00,0.00,0.00,Matches
626,Max Watters\Max-Watters,eng ENG,FW,Doncaster,20,1999,5,0,54,0,0,0,0,0,0,0.00,0.00,0.00,0.00,0.00,Matches
627,James Weir\James-Weir,eng ENG,MF,Bolton,23,1995,8,7,587,0,1,0,0,1,0,0.00,0.15,0.15,0.00,0.15,Matches
628,Zain Westbrooke\Zain-Westbrooke,eng ENG,MF,Coventry City,22,1996,25,22,1707,4,2,1,1,1,0,0.21,0.11,0.32,0.16,0.26,Matches
629,Shaun Whalley\Shaun-Whalley,eng ENG,FW,Shrewsbury,31,1987,23,15,1512,2,4,0,0,5,1,0.12,0.24,0.36,0.12,0.36,Matches
630,Jack Whatmough\Jack-Whatmough,eng ENG,DF,Portsmouth,22,1996,1,1,45,0,0,0,0,1,0,0.00,0.00,0.00,0.00,0.00,Matches
631,David Wheeler\David-Wheeler,eng ENG,FWMF,Wycombe,28,1990,31,25,2326,3,2,0,0,4,0,0.12,0.08,0.19,0.12,0.19,Matches
632,Glenn Whelan\Glenn-Whelan,ie IRL,MF,Fleetwood Town,35,1984,11,11,990,0,0,0,0,3,0,0.00,0.00,0.00,0.00,0.00,Matches
633,Joe White\Joe-White,eng ENG,DF,Bolton,,,4,3,302,0,0,0,0,0,0,0.00,0.00,0.00,0.00,0.00,Matches
634,John White\John-White,eng ENG,DF,Southend United,33,1986,11,9,806,0,0,0,0,0,0,0.00,0.00,0.00,0.00,0.00,Matches
635,Ben Whiteman\Ben-Whiteman,eng ENG,MF,Doncaster,23,1996,33,33,2970,5,1,1,1,5,0,0.15,0.03,0.18,0.12,0.15,Matches
636,Aaron Wilbraham\Aaron-Wilbraham,eng ENG,FW,Rochdale,39,1979,19,11,1057,3,2,0,0,2,1,0.26,0.17,0.43,0.26,0.43,Matches
637,Ben Wiles\Ben-Wiles,eng ENG,MFDF,Rotherham Utd,20,1999,33,28,2565,3,5,0,0,2,0,0.11,0.18,0.28,0.11,0.28,Matches
638,George Williams\George-Williams,eng ENG,DFMF,MK Dons,26,1993,28,28,2478,1,1,0,0,2,1,0.04,0.04,0.07,0.04,0.07,Matches
639,Jordan Williams\Jordan-Williams,wal WAL,MFDF,Rochdale,23,1995,28,28,2404,0,0,0,0,6,1,0.00,0.00,0.00,0.00,0.00,Matches
640,Ro-Shaun Williams\Ro-Shaun-Williams,eng ENG,DF,Shrewsbury,20,1998,25,24,2034,0,1,0,0,6,1,0.00,0.04,0.04,0.00,0.04,Matches
641,Ryan Williams\Ryan-Williams,au AUS,MF,Portsmouth,25,1993,26,20,1600,3,2,0,0,2,0,0.17,0.11,0.28,0.17,0.28,Matches
642,Jordan Willis\Jordan-Willis,eng ENG,DF,Sunderland,24,1994,35,35,3083,1,1,0,0,1,0,0.03,0.03,0.06,0.03,0.06,Matches
643,Matty Willock\Matty-Willock,eng ENG,MF,Gillingham,22,1996,7,3,278,0,0,0,0,1,0,0.00,0.00,0.00,0.00,0.00,Matches
644,James Wilson\James-Wilson,wal WAL,DF,Ipswich Town,30,1989,23,21,1927,0,0,0,0,4,1,0.00,0.00,0.00,0.00,0.00,Matches
645,Kane Wilson\Kane-Wilson,eng ENG,DFMF,Tranmere Rovers,19,2000,13,13,1104,0,1,0,0,2,0,0.00,0.08,0.08,0.00,0.08,Matches
646,Richard Wood\Richard-Wood,eng ENG,DF,Rotherham Utd,34,1985,23,21,1927,3,1,0,0,3,0,0.14,0.05,0.19,0.14,0.19,Matches
647,Tommy Wood\Tommy-Wood,eng ENG,FW,AFC Wimbledon,20,1998,2,0,10,0,0,0,0,0,0,0.00,0.00,0.00,0.00,0.00,Matches
648,Ben Woodburn\Ben-Woodburn,wal WAL,MF,Oxford United,19,1999,11,11,801,1,3,0,0,1,0,0.11,0.34,0.45,0.11,0.45,Matches
649,Calum Woods\Calum-Woods,eng ENG,DFMF,Tranmere Rovers,32,1987,13,9,743,0,2,0,0,1,0,0.00,0.24,0.24,0.00,0.24,Matches
650,Alex Woodyard\Alex-Woodyard,eng ENG,MF,P'borough Utd,26,1993,14,8,728,0,0,0,0,3,0,0.00,0.00,0.00,0.00,0.00,Matches
651,Alex Woodyard\Alex-Woodyard,eng ENG,MF,Tranmere Rovers,26,1993,11,11,990,1,0,0,0,1,0,0.09,0.00,0.09,0.09,0.09,Matches
652,Luke Woolfenden\Luke-Woolfenden,eng ENG,DF,Ipswich Town,20,1998,31,31,2790,1,2,0,0,8,0,0.03,0.06,0.10,0.03,0.10,Matches
653,Anthony Wordsworth\Anthony-Wordsworth,eng ENG,MF,AFC Wimbledon,30,1989,10,6,676,1,0,0,0,3,0,0.13,0.00,0.13,0.13,0.13,Matches
654,Bailey Wright\Bailey-Wright,au AUS,DF,Sunderland,27,1992,5,5,444,0,0,0,0,0,0,0.00,0.00,0.00,0.00,0.00,Matches
655,Jake Wright\Jake-Wright,eng ENG,DF,Bolton,33,1986,11,11,977,0,0,0,0,2,0,0.00,0.00,0.00,0.00,0.00,Matches
656,Joe Wright\Joe-Wright,wal WAL,DF,Doncaster,24,1995,20,16,1541,0,0,0,0,5,0,0.00,0.00,0.00,0.00,0.00,Matches
657,Charlie Wyke\Charlie-Wyke,eng ENG,FW,Sunderland,26,1992,27,22,1983,5,1,0,0,5,1,0.23,0.05,0.27,0.23,0.27,Matches
658,Jerry Yates\Jerry-Yates,eng ENG,FWMF,Rotherham Utd,22,1996,1,0,,0,0,0,0,0,0,,,,,,Matches
659,Lindsay Yoan Zouma\Lindsay-Yoan-Zouma,fr FRA,DF,Bolton,21,1998,17,14,1278,0,0,0,0,2,0,0.00,0.00,0.00,0.00,0.00,Matches
660,Offrande Zanzala\Offrande-Zanzala,cg CGO,FW,Acc'ton Stanley,22,1996,24,7,914,6,0,1,1,1,0,0.59,0.00,0.59,0.49,0.49,Matches